date,lat,lon,ind
2018-01-14,41.903119,-87.673935,446
2018-01-14,41.910509367,-87.682389021,446
2018-01-14,41.909396007,-87.677691929,731
2018-01-14,41.903266,-87.678435,731
2018-01-14,41.903266,-87.678435,865
2018-01-14,41.92154,-87.653818,865
2018-01-14,41.903266,-87.678435,1091
2018-01-14,41.910535,-87.689556,1091
2018-01-14,41.912616,-87.681391,1532
2018-01-14,41.903266,-87.678435,1532
2018-01-14,41.902308701,-87.627690528,2145
2018-01-14,41.88338,-87.64117,2145
2018-01-14,41.88338,-87.64117,7108
2018-01-14,41.884069,-87.656853,7108
2018-01-14,41.92154,-87.653818,8012
2018-01-14,41.910522,-87.653106,8012
2018-01-14,41.91844,-87.65222,8082
2018-01-14,41.910522,-87.653106,8082
2018-01-14,41.91844,-87.65222,8083
2018-01-14,41.910522,-87.653106,8083
2018-01-14,41.909396007,-87.677691929,11823
2018-01-14,41.895769,-87.67722,11823
2018-01-14,41.895769,-87.67722,11824
2018-01-14,41.909396007,-87.677691929,11824
2018-01-14,41.895769,-87.67722,11994
2018-01-14,41.893992,-87.629318,11994
2018-01-14,41.895769,-87.67722,12290
2018-01-14,41.895769,-87.67722,12290
2018-01-14,41.912133,-87.634656,12342
2018-01-14,41.895769,-87.67722,12342
2018-01-14,41.891264346,-87.676842213,12397
2018-01-14,41.895769,-87.67722,12397
2018-01-14,41.895769,-87.67722,12398
2018-01-14,41.891264346,-87.676842213,12398
2018-01-14,41.891264346,-87.676842213,12399
2018-01-14,41.895769,-87.67722,12399
2018-01-14,41.91552,-87.687022,12451
2018-01-14,41.895769,-87.67722,12451
2018-01-14,41.895966,-87.667747,12807
2018-01-14,41.895769,-87.67722,12807
2018-01-14,41.90345,-87.667747,12882
2018-01-14,41.895769,-87.67722,12882
2018-01-14,41.949472741,-87.646452785,13015
2018-01-14,41.943034,-87.687288,13015
2018-01-14,41.956003551,-87.680161446,13299
2018-01-14,41.943034,-87.687288,13299
2018-01-14,41.96590014,-87.693638494,13339
2018-01-14,41.943034,-87.687288,13339
2018-01-14,41.842733,-87.635491,13555
2018-01-14,41.877245,-87.639366,13555
2018-01-14,41.88137,-87.67493,15123
2018-01-14,41.882091,-87.639833,15123
2018-01-14,41.857901,-87.668745,15133
2018-01-14,41.88137,-87.67493,15133
2018-01-14,41.88137,-87.67493,15141
2018-01-14,41.883253195,-87.636512518,15141
2018-01-14,41.88137,-87.67493,15164
2018-01-14,41.88283,-87.661206,15164
2018-01-14,41.88137,-87.67493,15165
2018-01-14,41.88283,-87.661206,15165
2018-01-14,41.903266,-87.678435,15893
2018-01-14,41.902893,-87.687275,15893
2018-01-14,41.910578035,-87.649421929,16004
2018-01-14,41.902893,-87.687275,16004
2018-01-14,41.902893,-87.687275,16252
2018-01-14,41.903029,-87.697474,16252
2018-01-14,41.91044,-87.6972,16315
2018-01-14,41.910535,-87.689556,16315
2018-01-14,41.91044,-87.6972,16414
2018-01-14,41.914026713,-87.705126462,16414
2018-01-14,41.91044,-87.6972,16426
2018-01-14,41.900363,-87.696704,16426
2018-01-14,41.949472741,-87.646452785,16581
2018-01-14,41.954245,-87.654406,16581
2018-01-14,41.949472741,-87.646452785,16582
2018-01-14,41.954245,-87.654406,16582
2018-01-14,41.954245,-87.654406,16583
2018-01-14,41.949472741,-87.646452785,16583
2018-01-14,41.954245,-87.654406,16741
2018-01-14,41.957866524,-87.649505138,16741
2018-01-14,41.954383,-87.648043,17071
2018-01-14,41.954245,-87.654406,17071
2018-01-14,41.954245,-87.654406,17543
2018-01-14,41.96909,-87.674237,17543
2018-01-14,41.950687,-87.6687,17768
2018-01-14,41.954245,-87.654406,17768
2018-01-14,41.89691,-87.621743,18146
2018-01-14,41.901315,-87.677409,18146
2018-01-14,41.900363,-87.696704,18606
2018-01-14,41.901315,-87.677409,18606
2018-01-14,41.900363,-87.696704,18607
2018-01-14,41.901315,-87.677409,18607
2018-01-14,41.857556,-87.661535,18669
2018-01-14,41.87184,-87.64664,18669
2018-01-14,41.877641596,-87.649617791,18926
2018-01-14,41.87184,-87.64664,18926
2018-01-14,41.872187,-87.661501,19494
2018-01-14,41.87184,-87.64664,19494
2018-01-14,41.872187,-87.661501,19495
2018-01-14,41.87184,-87.64664,19495
2018-01-14,41.883668,-87.64867,19871
2018-01-14,41.896362458,-87.654061273,19871
2018-01-14,41.89637337,-87.66098386,20213
2018-01-14,41.896362458,-87.654061273,20213
2018-01-14,41.895764746,-87.625908033,20338
2018-01-14,41.896362458,-87.654061273,20338
2018-01-14,41.888716036,-87.644447853,20812
2018-01-14,41.891795,-87.658751,20812
2018-01-14,41.895966,-87.667747,21192
2018-01-14,41.891795,-87.658751,21192
2018-01-14,41.92533,-87.6658,21351
2018-01-14,41.93588,-87.67842,21351
2018-01-14,41.939365,-87.668385,21382
2018-01-14,41.93588,-87.67842,21382
2018-01-14,41.929465,-87.684158,21635
2018-01-14,41.910509367,-87.682389021,21635
2018-01-14,41.929465,-87.684158,21865
2018-01-14,41.966686362,-87.708051981,21865
2018-01-14,41.915983,-87.677335,22382
2018-01-14,41.91552,-87.687022,22382
2018-01-14,41.915983,-87.677335,22391
2018-01-14,41.929465,-87.684158,22391
2018-01-14,41.915983,-87.677335,22744
2018-01-14,41.917805,-87.682437,22744
2018-01-14,41.922695,-87.697153,22765
2018-01-14,41.909396007,-87.677691929,22765
2018-01-14,41.922695,-87.697153,23276
2018-01-14,41.917513394,-87.701808955,23276
2018-01-14,41.922695,-87.697153,23514
2018-01-14,41.932589634,-87.665936351,23514
2018-01-14,41.922695,-87.697153,23622
2018-01-14,41.912616,-87.681391,23622
2018-01-14,41.877181,-87.627844,24887
2018-01-14,41.889187,-87.627754,24887
2018-01-14,41.877181,-87.627844,25054
2018-01-14,41.877181,-87.627844,25054
2018-01-14,41.877641596,-87.649617791,25492
2018-01-14,41.871262,-87.673688,25492
2018-01-14,41.871262,-87.673688,26174
2018-01-14,41.858086,-87.651073,26174
2018-01-14,41.871262,-87.673688,26210
2018-01-14,41.871514,-87.669886,26210
2018-01-14,41.882242,-87.641066,27350
2018-01-14,41.891578,-87.648384,27350
2018-01-14,41.882242,-87.641066,28394
2018-01-14,41.880419,-87.655519,28394
2018-01-14,41.885637,-87.641823,29032
2018-01-14,41.882242,-87.641066,29032
2018-01-14,41.885637,-87.641823,29033
2018-01-14,41.882242,-87.641066,29033
2018-01-14,41.888716036,-87.644447853,29170
2018-01-14,41.882242,-87.641066,29170
2018-01-14,41.8810317,-87.62408432,32359
2018-01-14,41.882242,-87.641066,32359
2018-01-14,41.917108035,-87.710220963,33238
2018-01-14,41.91552,-87.687022,33238
2018-01-14,41.895769,-87.67722,33305
2018-01-14,41.91552,-87.687022,33305
2018-01-14,41.929465,-87.684158,33453
2018-01-14,41.91552,-87.687022,33453
2018-01-14,41.909656876,-87.716631952,33850
2018-01-14,41.91552,-87.687022,33850
2018-01-14,41.907655,-87.672552,35594
2018-01-14,41.909854652,-87.66993016,35594
2018-01-14,41.909396007,-87.677691929,35731
2018-01-14,41.910535,-87.689556,35731
2018-01-14,41.91044,-87.6972,35779
2018-01-14,41.910535,-87.689556,35779
2018-01-14,41.917108035,-87.710220963,36291
2018-01-14,41.917741,-87.691392,36291
2018-01-14,41.921525,-87.707322,36337
2018-01-14,41.917741,-87.691392,36337
2018-01-14,41.917805,-87.682437,36441
2018-01-14,41.917741,-87.691392,36441
2018-01-14,41.929567,-87.707857,36477
2018-01-14,41.900363,-87.696704,36477
2018-01-14,41.895769,-87.67722,36582
2018-01-14,41.900363,-87.696704,36582
2018-01-14,41.94334,-87.67097,36864
2018-01-14,41.943403,-87.679618,36864
2018-01-14,41.949399,-87.654529,36980
2018-01-14,41.943403,-87.679618,36980
2018-01-14,41.956003551,-87.680161446,37027
2018-01-14,41.943403,-87.679618,37027
2018-01-14,41.956003551,-87.680161446,37028
2018-01-14,41.943403,-87.679618,37028
2018-01-14,41.91844,-87.65222,37578
2018-01-14,41.913688,-87.652855,37578
2018-01-14,41.909854652,-87.66993016,37638
2018-01-14,41.913688,-87.652855,37638
2018-01-14,41.922167,-87.638888,37675
2018-01-14,41.913688,-87.652855,37675
2018-01-14,41.913688,-87.652855,37688
2018-01-14,41.913688,-87.652855,37688
2018-01-14,41.891072,-87.666611,37775
2018-01-14,41.913688,-87.652855,37775
2018-01-14,41.929546,-87.643118,37794
2018-01-14,41.913688,-87.652855,37794
2018-01-14,41.925601882,-87.653708042,37937
2018-01-14,41.913688,-87.652855,37937
2018-01-14,41.913688,-87.652855,38184
2018-01-14,41.87184,-87.64664,38184
2018-01-14,41.913688,-87.652855,38267
2018-01-14,41.91468,-87.64332,38267
2018-01-14,41.913688,-87.652855,38387
2018-01-14,41.913865,-87.648755,38387
2018-01-14,41.913688,-87.652855,38402
2018-01-14,41.938428791,-87.698007756,38402
2018-01-14,41.928887,-87.658971,39226
2018-01-14,41.906866,-87.626217,39226
2018-01-14,41.885637,-87.641823,40200
2018-01-14,41.879255,-87.639904,40200
2018-01-14,41.885637,-87.641823,40405
2018-01-14,41.882242,-87.641066,40405
2018-01-14,41.885637,-87.641823,40406
2018-01-14,41.882242,-87.641066,40406
2018-01-14,41.885637,-87.641823,41893
2018-01-14,41.885483308,-87.652304856,41893
2018-01-14,41.885637,-87.641823,42504
2018-01-14,41.879446947,-87.642681599,42504
2018-01-14,41.885637,-87.641823,42959
2018-01-14,41.889906,-87.634266,42959
2018-01-14,41.881319815,-87.629520919,43738
2018-01-14,41.882242,-87.641066,43738
2018-01-14,41.881319815,-87.629520919,44174
2018-01-14,41.884728,-87.619521,44174
2018-01-14,41.870257,-87.639474,44753
2018-01-14,41.881319815,-87.629520919,44753
2018-01-14,41.882134,-87.625125,46105
2018-01-14,41.881319815,-87.629520919,46105
2018-01-14,41.929546,-87.643118,46492
2018-01-14,41.918216,-87.656936,46492
2018-01-14,41.920771,-87.663712,46526
2018-01-14,41.918216,-87.656936,46526
2018-01-14,41.915983,-87.677335,46662
2018-01-14,41.918216,-87.656936,46662
2018-01-14,41.895769,-87.67722,47070
2018-01-14,41.891264346,-87.676842213,47070
2018-01-14,41.895769,-87.67722,47071
2018-01-14,41.891264346,-87.676842213,47071
2018-01-14,41.895769,-87.67722,47072
2018-01-14,41.891264346,-87.676842213,47072
2018-01-14,41.889176833,-87.638505772,47177
2018-01-14,41.891264346,-87.676842213,47177
2018-01-14,41.858166,-87.656495,47309
2018-01-14,41.891264346,-87.676842213,47309
2018-01-14,41.91844,-87.65222,47712
2018-01-14,41.912133,-87.634656,47712
2018-01-14,41.91844,-87.65222,47713
2018-01-14,41.912133,-87.634656,47713
2018-01-14,41.895769,-87.67722,48204
2018-01-14,41.912133,-87.634656,48204
2018-01-14,41.918306,-87.636282,48264
2018-01-14,41.912133,-87.634656,48264
2018-01-14,41.915689,-87.6346,49059
2018-01-14,41.912133,-87.634656,49059
2018-01-14,41.906724,-87.63483,49348
2018-01-14,41.912133,-87.634656,49348
2018-01-14,41.913865,-87.648755,49400
2018-01-14,41.912133,-87.634656,49400
2018-01-14,41.899643,-87.6677,49522
2018-01-14,41.909769302,-87.705280487,49522
2018-01-14,41.891578,-87.648384,49789
2018-01-14,41.920195562,-87.692659199,49789
2018-01-14,41.922695,-87.697153,49875
2018-01-14,41.920195562,-87.692659199,49875
2018-01-14,41.929567,-87.707857,50015
2018-01-14,41.912616,-87.681391,50015
2018-01-14,41.903266,-87.678435,50103
2018-01-14,41.912616,-87.681391,50103
2018-01-14,41.903119,-87.673935,50163
2018-01-14,41.912616,-87.681391,50163
2018-01-14,41.903119,-87.673935,50164
2018-01-14,41.912616,-87.681391,50164
2018-01-14,41.903119,-87.673935,50165
2018-01-14,41.912616,-87.681391,50165
2018-01-14,41.907655,-87.672552,50517
2018-01-14,41.912616,-87.681391,50517
2018-01-14,41.912919,-87.664169,50596
2018-01-14,41.912616,-87.681391,50596
2018-01-14,41.917741,-87.691392,50731
2018-01-14,41.912616,-87.681391,50731
2018-01-14,41.921525,-87.707322,50892
2018-01-14,41.921525,-87.707322,50892
2018-01-14,41.917741,-87.691392,51210
2018-01-14,41.921525,-87.707322,51210
2018-01-14,41.913688,-87.652855,51521
2018-01-14,41.91844,-87.65222,51521
2018-01-14,41.912133,-87.634656,51805
2018-01-14,41.91844,-87.65222,51805
2018-01-14,41.912133,-87.634656,51806
2018-01-14,41.91844,-87.65222,51806
2018-01-14,41.910522,-87.653106,52138
2018-01-14,41.91844,-87.65222,52138
2018-01-14,41.895769,-87.67722,52330
2018-01-14,41.945243568,-87.706649901,52330
2018-01-14,41.891264346,-87.676842213,52349
2018-01-14,41.945243568,-87.706649901,52349
2018-01-14,41.966686362,-87.708051981,52465
2018-01-14,41.945243568,-87.706649901,52465
2018-01-14,41.891847372,-87.620580196,53019
2018-01-14,41.900219493,-87.642985468,53019
2018-01-14,41.90068,-87.6626,53102
2018-01-14,41.900219493,-87.642985468,53102
2018-01-14,41.904613,-87.640552,53161
2018-01-14,41.900219493,-87.642985468,53161
2018-01-14,41.913865,-87.648755,53868
2018-01-14,41.900219493,-87.642985468,53868
2018-01-14,41.857901,-87.668745,53903
2018-01-14,41.854109,-87.685838,53903
2018-01-14,41.912919,-87.664169,54718
2018-01-14,41.89637337,-87.66098386,54718
2018-01-14,41.975614805,-87.679459039,55611
2018-01-14,41.96325,-87.679258,55611
2018-01-14,41.901315,-87.677409,55754
2018-01-14,41.884069,-87.656853,55754
2018-01-14,41.891578,-87.648384,55947
2018-01-14,41.884069,-87.656853,55947
2018-01-14,41.885483308,-87.652304856,56398
2018-01-14,41.884069,-87.656853,56398
2018-01-14,41.903222,-87.634324,56929
2018-01-14,41.90348607,-87.643353494,56929
2018-01-14,41.903222,-87.634324,56930
2018-01-14,41.90348607,-87.643353494,56930
2018-01-14,41.900219493,-87.642985468,57000
2018-01-14,41.90348607,-87.643353494,57000
2018-01-14,41.893808056,-87.641697228,57029
2018-01-14,41.90348607,-87.643353494,57029
2018-01-14,41.90348607,-87.643353494,57974
2018-01-14,41.946176,-87.673308,57974
2018-01-14,41.886024,-87.624117,58187
2018-01-14,41.911386,-87.638677,58187
2018-01-14,41.886024,-87.624117,59748
2018-01-14,41.890762,-87.631697,59748
2018-01-14,41.886024,-87.624117,60519
2018-01-14,41.890573,-87.622072,60519
2018-01-14,41.924632472,-87.689307006,60873
2018-01-14,41.922695,-87.697153,60873
2018-01-14,41.924632472,-87.689307006,60923
2018-01-14,41.915983,-87.677335,60923
2018-01-14,41.885837,-87.6355,61498
2018-01-14,41.89675,-87.63089,61498
2018-01-14,41.885837,-87.6355,61723
2018-01-14,41.885637,-87.641823,61723
2018-01-14,41.885837,-87.6355,61792
2018-01-14,41.889176833,-87.638505772,61792
2018-01-14,41.885837,-87.6355,62018
2018-01-14,41.890762,-87.631697,62018
2018-01-14,41.885837,-87.6355,62191
2018-01-14,41.881319815,-87.629520919,62191
2018-01-14,41.885837,-87.6355,62511
2018-01-14,41.889187,-87.627754,62511
2018-01-14,41.884241,-87.629634,62750
2018-01-14,41.885837,-87.6355,62750
2018-01-14,41.909854652,-87.66993016,63092
2018-01-14,41.907655,-87.672552,63092
2018-01-14,41.903266,-87.678435,63128
2018-01-14,41.907655,-87.672552,63128
2018-01-14,41.90068,-87.6626,63275
2018-01-14,41.907655,-87.672552,63275
2018-01-14,41.891466,-87.626761,63389
2018-01-14,41.907655,-87.672552,63389
2018-01-14,41.90345,-87.667747,63733
2018-01-14,41.907655,-87.672552,63733
2018-01-14,41.917108035,-87.710220963,63890
2018-01-14,41.929567,-87.707857,63890
2018-01-14,41.929567,-87.707857,64419
2018-01-14,41.909769302,-87.705280487,64419
2018-01-14,41.895966,-87.667747,64843
2018-01-14,41.901315,-87.677409,64843
2018-01-14,41.895769,-87.67722,65079
2018-01-14,41.895966,-87.667747,65079
2018-01-14,41.90068,-87.6626,65123
2018-01-14,41.895966,-87.667747,65123
2018-01-14,41.938428791,-87.698007756,65671
2018-01-14,41.945243568,-87.706649901,65671
2018-01-14,41.945243568,-87.706649901,65672
2018-01-14,41.938428791,-87.698007756,65672
2018-01-14,41.935733,-87.663576,66432
2018-01-14,41.94018,-87.65304,66432
2018-01-14,41.935733,-87.663576,66461
2018-01-14,41.949472741,-87.646452785,66461
2018-01-14,41.92556258,-87.65840426,66645
2018-01-14,41.935733,-87.663576,66645
2018-01-14,41.943739,-87.66402,67027
2018-01-14,41.935733,-87.663576,67027
2018-01-14,41.931248,-87.644336,67148
2018-01-14,41.935733,-87.663576,67148
2018-01-14,41.936266,-87.652662,67221
2018-01-14,41.935733,-87.663576,67221
2018-01-14,41.857813,-87.62455,67750
2018-01-14,41.885483308,-87.652304856,67750
2018-01-14,41.885483308,-87.652304856,68154
2018-01-14,41.891578,-87.648384,68154
2018-01-14,41.8694821,-87.6554864,68600
2018-01-14,41.885483308,-87.652304856,68600
2018-01-14,41.885637,-87.641823,68737
2018-01-14,41.885483308,-87.652304856,68737
2018-01-14,41.885483308,-87.652304856,70185
2018-01-14,41.917805,-87.682437,70185
2018-01-14,41.909396007,-87.677691929,70604
2018-01-14,41.902973,-87.63128,70604
2018-01-14,41.909396007,-87.677691929,70710
2018-01-14,41.895769,-87.67722,70710
2018-01-14,41.910535,-87.689556,70960
2018-01-14,41.909396007,-87.677691929,70960
2018-01-14,41.909396007,-87.677691929,71479
2018-01-14,41.907066,-87.667252,71479
2018-01-14,41.914026713,-87.705126462,71924
2018-01-14,41.91044,-87.6972,71924
2018-01-14,41.914026713,-87.705126462,72076
2018-01-14,41.922695,-87.697153,72076
2018-01-14,41.914026713,-87.705126462,72147
2018-01-14,41.912616,-87.681391,72147
2018-01-14,41.939365,-87.668385,72351
2018-01-14,41.935733,-87.663576,72351
2018-01-14,41.939365,-87.668385,72450
2018-01-14,41.92883,-87.668507,72450
2018-01-14,41.939365,-87.668385,72884
2018-01-14,41.93588,-87.67842,72884
2018-01-14,41.920082,-87.677855,73229
2018-01-14,41.930585371,-87.723777364,73229
2018-01-14,41.922167,-87.638888,73499
2018-01-14,41.910578035,-87.649421929,73499
2018-01-14,41.937582316,-87.644097805,73573
2018-01-14,41.910578035,-87.649421929,73573
2018-01-14,41.920771,-87.663712,73624
2018-01-14,41.910578035,-87.649421929,73624
2018-01-14,41.920771,-87.663712,73625
2018-01-14,41.910578035,-87.649421929,73625
2018-01-14,41.89637337,-87.66098386,73819
2018-01-14,41.910578035,-87.649421929,73819
2018-01-14,41.910578035,-87.649421929,74243
2018-01-14,41.906724,-87.63483,74243
2018-01-14,41.93588,-87.67842,74864
2018-01-14,41.931931,-87.677856,74864
2018-01-14,41.903119,-87.673935,75169
2018-01-14,41.910509367,-87.682389021,75169
2018-01-14,41.903119,-87.673935,75539
2018-01-14,41.912616,-87.681391,75539
2018-01-14,41.912616,-87.681391,75540
2018-01-14,41.903119,-87.673935,75540
2018-01-14,41.912616,-87.681391,75541
2018-01-14,41.903119,-87.673935,75541
2018-01-14,41.915689,-87.6346,75814
2018-01-14,41.884678982,-87.627975047,75814
2018-01-14,41.915689,-87.6346,75849
2018-01-14,41.918084,-87.643749,75849
2018-01-14,41.915689,-87.6346,75992
2018-01-14,41.902973,-87.63128,75992
2018-01-14,41.911974,-87.631942,76100
2018-01-14,41.915689,-87.6346,76100
2018-01-14,41.915689,-87.6346,76192
2018-01-14,41.912133,-87.634656,76192
2018-01-14,41.915689,-87.6346,76339
2018-01-14,41.922695,-87.697153,76339
2018-01-14,41.915689,-87.6346,76490
2018-01-14,41.915689,-87.6346,76490
2018-01-14,41.925601882,-87.653708042,77094
2018-01-14,41.928712,-87.653833,77094
2018-01-14,41.921822,-87.64414,77135
2018-01-14,41.928712,-87.653833,77135
2018-01-14,41.928712,-87.653833,77148
2018-01-14,41.910578035,-87.649421929,77148
2018-01-14,41.894345137,-87.622798383,77504
2018-01-14,41.902308701,-87.627690528,77504
2018-01-14,41.902308701,-87.627690528,77643
2018-01-14,41.89675,-87.63089,77643
2018-01-14,41.911974,-87.631942,77696
2018-01-14,41.902308701,-87.627690528,77696
2018-01-14,41.902308701,-87.627690528,78131
2018-01-14,41.895764746,-87.625908033,78131
2018-01-14,41.902308701,-87.627690528,78239
2018-01-14,41.894666,-87.638437,78239
2018-01-14,41.929567,-87.707857,78699
2018-01-14,41.917108035,-87.710220963,78699
2018-01-14,41.893992,-87.629318,79803
2018-01-14,41.889176833,-87.638505772,79803
2018-01-14,41.889176833,-87.638505772,80124
2018-01-14,41.893808056,-87.641697228,80124
2018-01-14,41.893808056,-87.641697228,80125
2018-01-14,41.889176833,-87.638505772,80125
2018-01-14,41.891847372,-87.620580196,81251
2018-01-14,41.889176833,-87.638505772,81251
2018-01-14,41.889176833,-87.638505772,81340
2018-01-14,41.888243,-87.63639,81340
2018-01-14,41.889176833,-87.638505772,81366
2018-01-14,41.880419,-87.655519,81366
2018-01-14,41.889176833,-87.638505772,81588
2018-01-14,41.897764,-87.642884,81588
2018-01-14,41.898969,-87.629912,81759
2018-01-14,41.889176833,-87.638505772,81759
2018-01-14,41.888716036,-87.644447853,82144
2018-01-14,41.889176833,-87.638505772,82144
2018-01-14,41.888716036,-87.644447853,82145
2018-01-14,41.889176833,-87.638505772,82145
2018-01-14,41.889176833,-87.638505772,82337
2018-01-14,41.89766,-87.62351,82337
2018-01-14,41.889176833,-87.638505772,82338
2018-01-14,41.89766,-87.62351,82338
2018-01-14,41.889176833,-87.638505772,82361
2018-01-14,41.889176833,-87.638505772,82361
2018-01-14,41.891466,-87.626761,82446
2018-01-14,41.889176833,-87.638505772,82446
2018-01-14,41.891466,-87.626761,82447
2018-01-14,41.889176833,-87.638505772,82447
2018-01-14,41.88461619,-87.644570585,82865
2018-01-14,41.889176833,-87.638505772,82865
2018-01-14,41.890762,-87.631697,82918
2018-01-14,41.889176833,-87.638505772,82918
2018-01-14,41.889176833,-87.638505772,83064
2018-01-14,41.875885,-87.640795,83064
2018-01-14,41.889176833,-87.638505772,83925
2018-01-14,41.9406,-87.6785,83925
2018-01-14,41.917805,-87.682437,84203
2018-01-14,41.910509367,-87.682389021,84203
2018-01-14,41.915983,-87.677335,84304
2018-01-14,41.917805,-87.682437,84304
2018-01-14,41.975614805,-87.679459039,84647
2018-01-14,41.96909,-87.674237,84647
2018-01-14,41.975614805,-87.679459039,84765
2018-01-14,41.978353,-87.659753,84765
2018-01-14,41.896746973,-87.635667622,85638
2018-01-14,41.900219493,-87.642985468,85638
2018-01-14,41.896746973,-87.635667622,86071
2018-01-14,41.897764,-87.642884,86071
2018-01-14,41.896746973,-87.635667622,87120
2018-01-14,41.906724,-87.63483,87120
2018-01-14,41.885837,-87.6355,87212
2018-01-14,41.898969,-87.629912,87212
2018-01-14,41.898969,-87.629912,87370
2018-01-14,41.886020828,-87.630876058,87370
2018-01-14,41.902973,-87.63128,87703
2018-01-14,41.898969,-87.629912,87703
2018-01-14,41.898969,-87.629912,88005
2018-01-14,41.898586651,-87.621915226,88005
2018-01-14,41.898969,-87.629912,88044
2018-01-14,41.898969,-87.629912,88044
2018-01-14,41.898969,-87.629912,88231
2018-01-14,41.889176833,-87.638505772,88231
2018-01-14,41.898969,-87.629912,88302
2018-01-14,41.886024,-87.624117,88302
2018-01-14,41.898969,-87.629912,88426
2018-01-14,41.890762,-87.631697,88426
2018-01-14,41.894503,-87.617854,88618
2018-01-14,41.898969,-87.629912,88618
2018-01-14,41.95078,-87.659172,89643
2018-01-14,41.940106,-87.645451,89643
2018-01-14,41.94815,-87.66394,89738
2018-01-14,41.95078,-87.659172,89738
2018-01-14,41.929546,-87.643118,89802
2018-01-14,41.95078,-87.659172,89802
2018-01-14,41.932225,-87.658617,89976
2018-01-14,41.95078,-87.659172,89976
2018-01-14,41.952833,-87.649993,90067
2018-01-14,41.95078,-87.659172,90067
2018-01-14,41.92154,-87.653818,90153
2018-01-14,41.945529,-87.646439,90153
2018-01-14,41.91844,-87.65222,90194
2018-01-14,41.92154,-87.653818,90194
2018-01-14,41.907066,-87.667252,90773
2018-01-14,41.92154,-87.653818,90773
2018-01-14,41.92154,-87.653818,90810
2018-01-14,41.928773,-87.663913,90810
2018-01-14,41.928773,-87.663913,90811
2018-01-14,41.92154,-87.653818,90811
2018-01-14,41.910522,-87.653106,90909
2018-01-14,41.92154,-87.653818,90909
2018-01-14,41.967094,-87.679028,91288
2018-01-14,41.983593,-87.669154,91288
2018-01-14,41.95469,-87.67393,91567
2018-01-14,41.967094,-87.679028,91567
2018-01-14,41.920771,-87.663712,91896
2018-01-14,41.918084,-87.643749,91896
2018-01-14,41.920771,-87.663712,91977
2018-01-14,41.913688,-87.652855,91977
2018-01-14,41.920771,-87.663712,91978
2018-01-14,41.913688,-87.652855,91978
2018-01-14,41.928773,-87.663913,92348
2018-01-14,41.920771,-87.663712,92348
2018-01-14,41.920771,-87.663712,92394
2018-01-14,41.919936,-87.64883,92394
2018-01-14,41.920771,-87.663712,92427
2018-01-14,41.915689,-87.6346,92427
2018-01-14,41.911386,-87.638677,92850
2018-01-14,41.89675,-87.63089,92850
2018-01-14,41.918306,-87.636282,92917
2018-01-14,41.911386,-87.638677,92917
2018-01-14,41.910578035,-87.649421929,93157
2018-01-14,41.911386,-87.638677,93157
2018-01-14,41.911386,-87.638677,93330
2018-01-14,41.910522,-87.653106,93330
2018-01-14,41.931248,-87.644336,93795
2018-01-14,41.94018,-87.65304,93795
2018-01-14,41.922167,-87.638888,93994
2018-01-14,41.931248,-87.644336,93994
2018-01-14,41.929143,-87.649077,94089
2018-01-14,41.931248,-87.644336,94089
2018-01-14,41.931248,-87.644336,94463
2018-01-14,41.925858,-87.638973,94463
2018-01-14,41.931248,-87.644336,94521
2018-01-14,41.925905,-87.64926,94521
2018-01-14,41.931248,-87.644336,94522
2018-01-14,41.925905,-87.64926,94522
2018-01-14,41.946176,-87.673308,94989
2018-01-14,41.946635831,-87.694614758,94989
2018-01-14,41.946655,-87.683359,95065
2018-01-14,41.946176,-87.673308,95065
2018-01-14,41.879356359,-87.629791036,96454
2018-01-14,41.877707956,-87.635321141,96454
2018-01-14,41.912919,-87.664169,97048
2018-01-14,41.89637337,-87.66098386,97048
2018-01-14,41.884241,-87.629634,97325
2018-01-14,41.881892,-87.648789,97325
2018-01-14,41.886020828,-87.630876058,97595
2018-01-14,41.884241,-87.629634,97595
2018-01-14,41.884241,-87.629634,98085
2018-01-14,41.883668,-87.64867,98085
2018-01-14,41.911974,-87.631942,98460
2018-01-14,41.884241,-87.629634,98460
2018-01-14,41.882091,-87.639833,98650
2018-01-14,41.884241,-87.629634,98650
2018-01-14,41.886024,-87.624117,99014
2018-01-14,41.884241,-87.629634,99014
2018-01-14,41.889176833,-87.638505772,100488
2018-01-14,41.899368439,-87.648479875,100488
2018-01-14,41.888243,-87.63639,101294
2018-01-14,41.891578,-87.648384,101294
2018-01-14,41.880317,-87.635185,102956
2018-01-14,41.888243,-87.63639,102956
2018-01-14,41.8810317,-87.62408432,103104
2018-01-14,41.888243,-87.63639,103104
2018-01-14,41.877181,-87.627844,103217
2018-01-14,41.888243,-87.63639,103217
2018-01-14,41.902973,-87.63128,103363
2018-01-14,41.903222,-87.634324,103363
2018-01-14,41.893992,-87.629318,103426
2018-01-14,41.902973,-87.63128,103426
2018-01-14,41.893992,-87.629318,103427
2018-01-14,41.902973,-87.63128,103427
2018-01-14,41.893808056,-87.641697228,103586
2018-01-14,41.902973,-87.63128,103586
2018-01-14,41.902973,-87.63128,103587
2018-01-14,41.893808056,-87.641697228,103587
2018-01-14,41.89675,-87.63089,104025
2018-01-14,41.902973,-87.63128,104025
2018-01-14,41.902973,-87.63128,104243
2018-01-14,41.898586651,-87.621915226,104243
2018-01-14,41.902973,-87.63128,105107
2018-01-14,41.895764746,-87.625908033,105107
2018-01-14,41.902973,-87.63128,105199
2018-01-14,41.889187,-87.627754,105199
2018-01-14,41.907993,-87.631501,105458
2018-01-14,41.902973,-87.63128,105458
2018-01-14,41.907993,-87.631501,105459
2018-01-14,41.902973,-87.63128,105459
2018-01-14,41.895769,-87.67722,105647
2018-01-14,41.917513394,-87.701808955,105647
2018-01-14,41.917513394,-87.701808955,105680
2018-01-14,41.889176833,-87.638505772,105680
2018-01-14,41.922695,-87.697153,105733
2018-01-14,41.917513394,-87.701808955,105733
2018-01-14,41.917513394,-87.701808955,105734
2018-01-14,41.922695,-87.697153,105734
2018-01-14,41.899643,-87.6677,105918
2018-01-14,41.882664,-87.63253,105918
2018-01-14,41.881892,-87.648789,106855
2018-01-14,41.879255,-87.639904,106855
2018-01-14,41.894345137,-87.622798383,108111
2018-01-14,41.879255,-87.639904,108111
2018-01-14,41.879255,-87.639904,108112
2018-01-14,41.894345137,-87.622798383,108112
2018-01-14,41.902973,-87.63128,108522
2018-01-14,41.879255,-87.639904,108522
2018-01-14,41.885637,-87.641823,110394
2018-01-14,41.879255,-87.639904,110394
2018-01-14,41.885637,-87.641823,110395
2018-01-14,41.879255,-87.639904,110395
2018-01-14,41.888716036,-87.644447853,110647
2018-01-14,41.879255,-87.639904,110647
2018-01-14,41.888716036,-87.644447853,110648
2018-01-14,41.879255,-87.639904,110648
2018-01-14,41.881319815,-87.629520919,113013
2018-01-14,41.879255,-87.639904,113013
2018-01-14,41.966399802,-87.688704282,115174
2018-01-14,41.952162193,-87.698051113,115174
2018-01-14,41.922695,-87.697153,115220
2018-01-14,41.952162193,-87.698051113,115220
2018-01-14,41.945529,-87.646439,115353
2018-01-14,41.92556258,-87.65840426,115353
2018-01-14,41.925601882,-87.653708042,115632
2018-01-14,41.92556258,-87.65840426,115632
2018-01-14,41.936496822,-87.647538658,116823
2018-01-14,41.939743,-87.658865,116823
2018-01-14,41.860384,-87.625813,116932
2018-01-14,41.877707956,-87.635321141,116932
2018-01-14,41.877707956,-87.635321141,118351
2018-01-14,41.870257,-87.639474,118351
2018-01-14,41.881319815,-87.629520919,118659
2018-01-14,41.877707956,-87.635321141,118659
2018-01-14,41.861267,-87.656625,118990
2018-01-14,41.877707956,-87.635321141,118990
2018-01-14,41.877181,-87.627844,119315
2018-01-14,41.877707956,-87.635321141,119315
2018-01-14,41.857556,-87.661535,119545
2018-01-14,41.857901,-87.668745,119545
2018-01-14,41.857901,-87.668745,119653
2018-01-14,41.867117783,-87.641087959,119653
2018-01-14,41.867117783,-87.641087959,119654
2018-01-14,41.857901,-87.668745,119654
2018-01-14,41.875885,-87.640795,119753
2018-01-14,41.857901,-87.668745,119753
2018-01-14,41.891795,-87.658751,120415
2018-01-14,41.891578,-87.648384,120415
2018-01-14,41.891578,-87.648384,120788
2018-01-14,41.889176833,-87.638505772,120788
2018-01-14,41.891578,-87.648384,121210
2018-01-14,41.830629,-87.64129,121210
2018-01-14,41.893992,-87.629318,121650
2018-01-14,41.893992,-87.629318,121650
2018-01-14,41.893992,-87.629318,122081
2018-01-14,41.884678982,-87.627975047,122081
2018-01-14,41.893992,-87.629318,122328
2018-01-14,41.902973,-87.63128,122328
2018-01-14,41.902973,-87.63128,122329
2018-01-14,41.893992,-87.629318,122329
2018-01-14,41.902973,-87.63128,122330
2018-01-14,41.893992,-87.629318,122330
2018-01-14,41.898586651,-87.621915226,122708
2018-01-14,41.893992,-87.629318,122708
2018-01-14,41.893992,-87.629318,122870
2018-01-14,41.912133,-87.634656,122870
2018-01-14,41.893992,-87.629318,123107
2018-01-14,41.894722,-87.634362,123107
2018-01-14,41.893992,-87.629318,123377
2018-01-14,41.890762,-87.631697,123377
2018-01-14,41.893992,-87.629318,123411
2018-01-14,41.872077633,-87.629543773,123411
2018-01-14,41.893992,-87.629318,123529
2018-01-14,41.894503,-87.617854,123529
2018-01-14,41.893992,-87.629318,123530
2018-01-14,41.894503,-87.617854,123530
2018-01-14,41.893992,-87.629318,123742
2018-01-14,41.879446947,-87.642681599,123742
2018-01-14,41.95078,-87.659172,124247
2018-01-14,41.921822,-87.64414,124247
2018-01-14,41.921822,-87.64414,124997
2018-01-14,41.93947775,-87.663747668,124997
2018-01-14,41.921822,-87.64414,125043
2018-01-14,41.954177,-87.664358,125043
2018-01-14,41.921822,-87.64414,125057
2018-01-14,41.928712,-87.653833,125057
2018-01-14,41.889906,-87.634266,125420
2018-01-14,41.882242,-87.641066,125420
2018-01-14,41.889906,-87.634266,125638
2018-01-14,41.891795,-87.658751,125638
2018-01-14,41.889906,-87.634266,125978
2018-01-14,41.891466,-87.626761,125978
2018-01-14,41.881892,-87.648789,126786
2018-01-14,41.877641596,-87.649617791,126786
2018-01-14,41.877641596,-87.649617791,127167
2018-01-14,41.867227,-87.625961,127167
2018-01-14,41.877641596,-87.649617791,127295
2018-01-14,41.877641596,-87.649617791,127295
2018-01-14,41.881892,-87.648789,129267
2018-01-14,41.883668,-87.64867,129267
2018-01-14,41.888243,-87.63639,129690
2018-01-14,41.883668,-87.64867,129690
2018-01-14,41.883668,-87.64867,129890
2018-01-14,41.888716036,-87.644447853,129890
2018-01-14,41.896362458,-87.654061273,130163
2018-01-14,41.883668,-87.64867,130163
2018-01-14,41.883668,-87.64867,130181
2018-01-14,41.890762,-87.631697,130181
2018-01-14,41.875885,-87.640795,130238
2018-01-14,41.883668,-87.64867,130238
2018-01-14,41.883668,-87.64867,130350
2018-01-14,41.879446947,-87.642681599,130350
2018-01-14,41.883668,-87.64867,130381
2018-01-14,41.88283,-87.661206,130381
2018-01-14,41.880419,-87.655519,130743
2018-01-14,41.881892,-87.648789,130743
2018-01-14,41.880419,-87.655519,130813
2018-01-14,41.893992,-87.629318,130813
2018-01-14,41.880419,-87.655519,131299
2018-01-14,41.889176833,-87.638505772,131299
2018-01-14,41.880419,-87.655519,132082
2018-01-14,41.920195562,-87.692659199,132082
2018-01-14,41.943739,-87.66402,134189
2018-01-14,41.94815,-87.66394,134189
2018-01-14,41.957081,-87.664199,134378
2018-01-14,41.943739,-87.66402,134378
2018-01-14,41.95469,-87.67393,135226
2018-01-14,41.956057,-87.668835,135226
2018-01-14,41.90096039,-87.62377664,135590
2018-01-14,41.918306,-87.636282,135590
2018-01-14,41.918306,-87.636282,135591
2018-01-14,41.90096039,-87.62377664,135591
2018-01-14,41.918306,-87.636282,136009
2018-01-14,41.929143,-87.649077,136009
2018-01-14,41.918306,-87.636282,136267
2018-01-14,41.912133,-87.634656,136267
2018-01-14,41.939743,-87.658865,136637
2018-01-14,41.918306,-87.636282,136637
2018-01-14,41.919936,-87.64883,136668
2018-01-14,41.918306,-87.636282,136668
2018-01-14,41.918306,-87.636282,136771
2018-01-14,41.96167,-87.65464,136771
2018-01-14,41.952833,-87.649993,136974
2018-01-14,41.918306,-87.636282,136974
2018-01-14,41.884576228,-87.63188991,137554
2018-01-14,41.902973,-87.63128,137554
2018-01-14,41.884576228,-87.63188991,139351
2018-01-14,41.890573,-87.622072,139351
2018-01-14,41.900219493,-87.642985468,139664
2018-01-14,41.919936,-87.64883,139664
2018-01-14,41.919936,-87.64883,139827
2018-01-14,41.898203,-87.637536,139827
2018-01-14,41.918306,-87.636282,139927
2018-01-14,41.919936,-87.64883,139927
2018-01-14,41.94815,-87.66394,140372
2018-01-14,41.95078,-87.659172,140372
2018-01-14,41.949472741,-87.646452785,140404
2018-01-14,41.94815,-87.66394,140404
2018-01-14,41.94815,-87.66394,141303
2018-01-14,41.952833,-87.649993,141303
2018-01-14,41.884728,-87.619521,141549
2018-01-14,41.90068,-87.6626,141549
2018-01-14,41.90068,-87.6626,141568
2018-01-14,41.90068,-87.6626,141568
2018-01-14,41.895966,-87.667747,141899
2018-01-14,41.90068,-87.6626,141899
2018-01-14,41.894345137,-87.622798383,142691
2018-01-14,41.897764,-87.642884,142691
2018-01-14,41.897764,-87.642884,142747
2018-01-14,41.896746973,-87.635667622,142747
2018-01-14,41.902973,-87.63128,143027
2018-01-14,41.897764,-87.642884,143027
2018-01-14,41.897764,-87.642884,143701
2018-01-14,41.889176833,-87.638505772,143701
2018-01-14,41.90348607,-87.643353494,144165
2018-01-14,41.897764,-87.642884,144165
2018-01-14,41.949472741,-87.646452785,147437
2018-01-14,41.949399,-87.654529,147437
2018-01-14,41.957081,-87.664199,147758
2018-01-14,41.949399,-87.654529,147758
2018-01-14,41.96167,-87.65464,147962
2018-01-14,41.949399,-87.654529,147962
2018-01-14,41.96167,-87.65464,147963
2018-01-14,41.949399,-87.654529,147963
2018-01-14,41.949472741,-87.646452785,148294
2018-01-14,41.936496822,-87.647538658,148294
2018-01-14,41.949472741,-87.646452785,148295
2018-01-14,41.936496822,-87.647538658,148295
2018-01-14,41.954245,-87.654406,148370
2018-01-14,41.936496822,-87.647538658,148370
2018-01-14,41.936496822,-87.647538658,148408
2018-01-14,41.935733,-87.663576,148408
2018-01-14,41.936496822,-87.647538658,148481
2018-01-14,41.954383,-87.648043,148481
2018-01-14,41.936496822,-87.647538658,148585
2018-01-14,41.929546,-87.643118,148585
2018-01-14,41.939365,-87.668385,148708
2018-01-14,41.936496822,-87.647538658,148708
2018-01-14,41.94367,-87.64895,148724
2018-01-14,41.936496822,-87.647538658,148724
2018-01-14,41.94367,-87.64895,148725
2018-01-14,41.936496822,-87.647538658,148725
2018-01-14,41.943403,-87.679618,148895
2018-01-14,41.936496822,-87.647538658,148895
2018-01-14,41.894345137,-87.622798383,150380
2018-01-14,41.893808056,-87.641697228,150380
2018-01-14,41.894345137,-87.622798383,150930
2018-01-14,41.883668,-87.64867,150930
2018-01-14,41.894345137,-87.622798383,150941
2018-01-14,41.89691,-87.621743,150941
2018-01-14,41.894345137,-87.622798383,151297
2018-01-14,41.897764,-87.642884,151297
2018-01-14,41.894345137,-87.622798383,151786
2018-01-14,41.891466,-87.626761,151786
2018-01-14,41.894345137,-87.622798383,152231
2018-01-14,41.883984065,-87.624683976,152231
2018-01-14,41.894345137,-87.622798383,152232
2018-01-14,41.883984065,-87.624683976,152232
2018-01-14,41.894345137,-87.622798383,152889
2018-01-14,41.907993,-87.631501,152889
2018-01-14,41.871737,-87.65103,153587
2018-01-14,41.871262,-87.673688,153587
2018-01-14,41.858086,-87.651073,154591
2018-01-14,41.871737,-87.65103,154591
2018-01-14,41.893808056,-87.641697228,155044
2018-01-14,41.886020828,-87.630876058,155044
2018-01-14,41.884728,-87.619521,155538
2018-01-14,41.886020828,-87.630876058,155538
2018-01-14,41.884728,-87.619521,155539
2018-01-14,41.886020828,-87.630876058,155539
2018-01-14,41.885637,-87.641823,155781
2018-01-14,41.886020828,-87.630876058,155781
2018-01-14,41.870257,-87.639474,155850
2018-01-14,41.886020828,-87.630876058,155850
2018-01-14,41.881319815,-87.629520919,156099
2018-01-14,41.886020828,-87.630876058,156099
2018-01-14,41.894503,-87.617854,156126
2018-01-14,41.886020828,-87.630876058,156126
2018-01-14,41.903222,-87.634324,156702
2018-01-14,41.89691,-87.621743,156702
2018-01-14,41.900219493,-87.642985468,156809
2018-01-14,41.89691,-87.621743,156809
2018-01-14,41.884576228,-87.63188991,157453
2018-01-14,41.89691,-87.621743,157453
2018-01-14,41.899643,-87.6677,157576
2018-01-14,41.89691,-87.621743,157576
2018-01-14,41.939743,-87.658865,157766
2018-01-14,41.89691,-87.621743,157766
2018-01-14,41.889187,-87.627754,157770
2018-01-14,41.89691,-87.621743,157770
2018-01-14,41.889187,-87.627754,157771
2018-01-14,41.89691,-87.621743,157771
2018-01-14,41.881892,-87.648789,158084
2018-01-14,41.888716036,-87.644447853,158084
2018-01-14,41.886020828,-87.630876058,158220
2018-01-14,41.888716036,-87.644447853,158220
2018-01-14,41.883668,-87.64867,158541
2018-01-14,41.888716036,-87.644447853,158541
2018-01-14,41.889176833,-87.638505772,158962
2018-01-14,41.888716036,-87.644447853,158962
2018-01-14,41.888716036,-87.644447853,159348
2018-01-14,41.883253195,-87.636512518,159348
2018-01-14,41.886875,-87.62603,159677
2018-01-14,41.888716036,-87.644447853,159677
2018-01-14,41.889906,-87.634266,159817
2018-01-14,41.888716036,-87.644447853,159817
2018-01-14,41.94334,-87.67097,160318
2018-01-14,41.948797,-87.675278,160318
2018-01-14,41.961154076,-87.716569073,160734
2018-01-14,41.983664709,-87.696422561,160734
2018-01-14,41.879446947,-87.642681599,160851
2018-01-14,41.893992,-87.629318,160851
2018-01-14,41.879446947,-87.642681599,161270
2018-01-14,41.871262,-87.673688,161270
2018-01-14,41.879446947,-87.642681599,161320
2018-01-14,41.888716036,-87.644447853,161320
2018-01-14,41.925601882,-87.653708042,162224
2018-01-14,41.92556258,-87.65840426,162224
2018-01-14,41.925601882,-87.653708042,162867
2018-01-14,41.921822,-87.64414,162867
2018-01-14,41.925601882,-87.653708042,162974
2018-01-14,41.939365,-87.668385,162974
2018-01-14,41.925601882,-87.653708042,163519
2018-01-14,41.928712,-87.653833,163519
2018-01-14,41.90096039,-87.62377664,164089
2018-01-14,41.891847372,-87.620580196,164089
2018-01-14,41.90096039,-87.62377664,164427
2018-01-14,41.925858,-87.638973,164427
2018-01-14,41.8694821,-87.6554864,165229
2018-01-14,41.871262,-87.673688,165229
2018-01-14,41.8694821,-87.6554864,165402
2018-01-14,41.87184,-87.64664,165402
2018-01-14,41.8694821,-87.6554864,165683
2018-01-14,41.877181,-87.627844,165683
2018-01-14,41.898203,-87.637536,165816
2018-01-14,41.902308701,-87.627690528,165816
2018-01-14,41.898203,-87.637536,165963
2018-01-14,41.902973,-87.63128,165963
2018-01-14,41.898203,-87.637536,166374
2018-01-14,41.895764746,-87.625908033,166374
2018-01-14,41.898203,-87.637536,166375
2018-01-14,41.895764746,-87.625908033,166375
2018-01-14,41.94018,-87.65304,166487
2018-01-14,41.932418,-87.652705,166487
2018-01-14,41.94018,-87.65304,166705
2018-01-14,41.949472741,-87.646452785,166705
2018-01-14,41.94018,-87.65304,166891
2018-01-14,41.935733,-87.663576,166891
2018-01-14,41.94018,-87.65304,167124
2018-01-14,41.929546,-87.643118,167124
2018-01-14,41.94018,-87.65304,167213
2018-01-14,41.925601882,-87.653708042,167213
2018-01-14,41.94018,-87.65304,167703
2018-01-14,41.93947775,-87.663747668,167703
2018-01-14,41.94018,-87.65304,167824
2018-01-14,41.931248,-87.644336,167824
2018-01-14,41.94018,-87.65304,167881
2018-01-14,41.928712,-87.653833,167881
2018-01-14,41.94018,-87.65304,168003
2018-01-14,41.936496822,-87.647538658,168003
2018-01-14,41.932225,-87.658617,168293
2018-01-14,41.95078,-87.659172,168293
2018-01-14,41.932225,-87.658617,168420
2018-01-14,41.92556258,-87.65840426,168420
2018-01-14,41.932225,-87.658617,168511
2018-01-14,41.912133,-87.634656,168511
2018-01-14,41.932225,-87.658617,168599
2018-01-14,41.910578035,-87.649421929,168599
2018-01-14,41.932225,-87.658617,168600
2018-01-14,41.910578035,-87.649421929,168600
2018-01-14,41.958494,-87.654966,168964
2018-01-14,41.957866524,-87.649505138,168964
2018-01-14,41.958494,-87.654966,169141
2018-01-14,41.954383,-87.648043,169141
2018-01-14,41.88283,-87.661206,169560
2018-01-14,41.884728,-87.619521,169560
2018-01-14,41.88283,-87.661206,170076
2018-01-14,41.88137,-87.67493,170076
2018-01-14,41.88283,-87.661206,170077
2018-01-14,41.88137,-87.67493,170077
2018-01-14,41.928773,-87.663913,170231
2018-01-14,41.920771,-87.663712,170231
2018-01-14,41.925601882,-87.653708042,170306
2018-01-14,41.928773,-87.663913,170306
2018-01-14,41.936266,-87.652662,170659
2018-01-14,41.928773,-87.663913,170659
2018-01-14,41.886020828,-87.630876058,170825
2018-01-14,41.884728,-87.619521,170825
2018-01-14,41.886020828,-87.630876058,170826
2018-01-14,41.884728,-87.619521,170826
2018-01-14,41.89675,-87.63089,171364
2018-01-14,41.884728,-87.619521,171364
2018-01-14,41.874053,-87.627716,171466
2018-01-14,41.884728,-87.619521,171466
2018-01-14,41.88283,-87.661206,172547
2018-01-14,41.884728,-87.619521,172547
2018-01-14,41.8810317,-87.62408432,172643
2018-01-14,41.884728,-87.619521,172643
2018-01-14,41.872773,-87.623981,172828
2018-01-14,41.884728,-87.619521,172828
2018-01-14,41.886976,-87.612813,172900
2018-01-14,41.884728,-87.619521,172900
2018-01-14,41.90096039,-87.62377664,172932
2018-01-14,41.922167,-87.638888,172932
2018-01-14,41.913688,-87.652855,173136
2018-01-14,41.922167,-87.638888,173136
2018-01-14,41.910578035,-87.649421929,173527
2018-01-14,41.922167,-87.638888,173527
2018-01-14,41.907993,-87.631501,173794
2018-01-14,41.922167,-87.638888,173794
2018-01-14,41.860384,-87.625813,173989
2018-01-14,41.867227,-87.625961,173989
2018-01-14,41.860384,-87.625813,173990
2018-01-14,41.867227,-87.625961,173990
2018-01-14,41.857813,-87.62455,174228
2018-01-14,41.867227,-87.625961,174228
2018-01-14,41.857813,-87.62455,174229
2018-01-14,41.867227,-87.625961,174229
2018-01-14,41.882242,-87.641066,174523
2018-01-14,41.867227,-87.625961,174523
2018-01-14,41.870769,-87.625734,174708
2018-01-14,41.867227,-87.625961,174708
2018-01-14,41.871737,-87.65103,174893
2018-01-14,41.867227,-87.625961,174893
2018-01-14,41.898969,-87.629912,175029
2018-01-14,41.867227,-87.625961,175029
2018-01-14,41.897448,-87.628722,175234
2018-01-14,41.867227,-87.625961,175234
2018-01-14,41.864059,-87.623727,175813
2018-01-14,41.867227,-87.625961,175813
2018-01-14,41.867227,-87.625961,176246
2018-01-14,41.866095,-87.607267,176246
2018-01-14,41.937582316,-87.644097805,176406
2018-01-14,41.932418,-87.652705,176406
2018-01-14,41.937582316,-87.644097805,176407
2018-01-14,41.932418,-87.652705,176407
2018-01-14,41.937582316,-87.644097805,176477
2018-01-14,41.94018,-87.65304,176477
2018-01-14,41.937582316,-87.644097805,176835
2018-01-14,41.954383,-87.648043,176835
2018-01-14,41.937582316,-87.644097805,176836
2018-01-14,41.954383,-87.648043,176836
2018-01-14,41.937582316,-87.644097805,176837
2018-01-14,41.954383,-87.648043,176837
2018-01-14,41.937582316,-87.644097805,177386
2018-01-14,41.961588,-87.666036,177386
2018-01-14,41.937582316,-87.644097805,177514
2018-01-14,41.936266,-87.652662,177514
2018-01-14,41.884678982,-87.627975047,178018
2018-01-14,41.893992,-87.629318,178018
2018-01-14,41.884678982,-87.627975047,178019
2018-01-14,41.893992,-87.629318,178019
2018-01-14,41.884678982,-87.627975047,178128
2018-01-14,41.867225957,-87.61535539,178128
2018-01-14,41.884678982,-87.627975047,179624
2018-01-14,41.87772613,-87.65478743,179624
2018-01-14,41.884678982,-87.627975047,179633
2018-01-14,41.886835,-87.62232,179633
2018-01-14,41.884678982,-87.627975047,180036
2018-01-14,41.8810317,-87.62408432,180036
2018-01-14,41.878118901,-87.643947601,180795
2018-01-14,41.885637,-87.641823,180795
2018-01-14,41.878118901,-87.643947601,181200
2018-01-14,41.872077633,-87.629543773,181200
2018-01-14,41.878118901,-87.643947601,181299
2018-01-14,41.867888,-87.623041,181299
2018-01-14,41.906866,-87.626217,182015
2018-01-14,41.906866,-87.626217,182015
2018-01-14,41.904613,-87.640552,182522
2018-01-14,41.896746973,-87.635667622,182522
2018-01-14,41.904613,-87.640552,182732
2018-01-14,41.8694821,-87.6554864,182732
2018-01-14,41.966399802,-87.688704282,183289
2018-01-14,41.967094,-87.679028,183289
2018-01-14,41.966399802,-87.688704282,183456
2018-01-14,41.975614805,-87.679459039,183456
2018-01-14,41.966399802,-87.688704282,183473
2018-01-14,41.961525933,-87.691165041,183473
2018-01-14,41.966399802,-87.688704282,183512
2018-01-14,41.967096,-87.667429,183512
2018-01-14,41.966399802,-87.688704282,183598
2018-01-14,41.96909,-87.674237,183598
2018-01-14,41.88949182,-87.688219365,184154
2018-01-14,41.891264346,-87.676842213,184154
2018-01-14,41.890762,-87.631697,184347
2018-01-14,41.882664,-87.63253,184347
2018-01-14,41.890762,-87.631697,184348
2018-01-14,41.882664,-87.63253,184348
2018-01-14,41.890762,-87.631697,184400
2018-01-14,41.903222,-87.634324,184400
2018-01-14,41.890762,-87.631697,184505
2018-01-14,41.893992,-87.629318,184505
2018-01-14,41.890762,-87.631697,184989
2018-01-14,41.902973,-87.63128,184989
2018-01-14,41.890762,-87.631697,185231
2018-01-14,41.891847372,-87.620580196,185231
2018-01-14,41.890762,-87.631697,185232
2018-01-14,41.891847372,-87.620580196,185232
2018-01-14,41.890762,-87.631697,185396
2018-01-14,41.888243,-87.63639,185396
2018-01-14,41.890762,-87.631697,185770
2018-01-14,41.888716036,-87.644447853,185770
2018-01-14,41.890762,-87.631697,185968
2018-01-14,41.891264346,-87.676842213,185968
2018-01-14,41.890762,-87.631697,186041
2018-01-14,41.886024,-87.624117,186041
2018-01-14,41.890762,-87.631697,186157
2018-01-14,41.857611,-87.619407,186157
2018-01-14,41.890762,-87.631697,186158
2018-01-14,41.857611,-87.619407,186158
2018-01-14,41.890762,-87.631697,186321
2018-01-14,41.872077633,-87.629543773,186321
2018-01-14,41.890762,-87.631697,186563
2018-01-14,41.89993001,-87.63443007,186563
2018-01-14,41.890762,-87.631697,186723
2018-01-14,41.915689,-87.6346,186723
2018-01-14,41.890762,-87.631697,186724
2018-01-14,41.915689,-87.6346,186724
2018-01-14,41.890762,-87.631697,186961
2018-01-14,41.906724,-87.63483,186961
2018-01-14,41.931248,-87.644336,187798
2018-01-14,41.926277,-87.630834,187798
2018-01-14,41.93132,-87.638742,187880
2018-01-14,41.926277,-87.630834,187880
2018-01-14,41.93132,-87.638742,187881
2018-01-14,41.926277,-87.630834,187881
2018-01-14,41.94815,-87.66394,188228
2018-01-14,41.93947775,-87.663747668,188228
2018-01-14,41.983593,-87.669154,188681
2018-01-14,41.984044611,-87.660273829,188681
2018-01-14,41.92154,-87.653818,189051
2018-01-14,41.932418,-87.652705,189051
2018-01-14,41.925905,-87.64926,189714
2018-01-14,41.932418,-87.652705,189714
2018-01-14,41.925905,-87.64926,189715
2018-01-14,41.932418,-87.652705,189715
2018-01-14,41.932225,-87.658617,189979
2018-01-14,41.932418,-87.652705,189979
2018-01-14,41.931248,-87.644336,190036
2018-01-14,41.932418,-87.652705,190036
2018-01-14,41.912133,-87.634656,190504
2018-01-14,41.93132,-87.638742,190504
2018-01-14,41.925858,-87.638973,190586
2018-01-14,41.93132,-87.638742,190586
2018-01-14,41.926755988,-87.634428785,190651
2018-01-14,41.93132,-87.638742,190651
2018-01-14,41.93132,-87.638742,190775
2018-01-14,41.93132,-87.638742,190775
2018-01-14,41.926277,-87.630834,190812
2018-01-14,41.93132,-87.638742,190812
2018-01-14,41.913688,-87.652855,190952
2018-01-14,41.891072,-87.666611,190952
2018-01-14,41.893808056,-87.641697228,191401
2018-01-14,41.89675,-87.63089,191401
2018-01-14,41.906866,-87.626217,191524
2018-01-14,41.89675,-87.63089,191524
2018-01-14,41.902973,-87.63128,191539
2018-01-14,41.89675,-87.63089,191539
2018-01-14,41.954245,-87.654406,192578
2018-01-14,41.96909,-87.674237,192578
2018-01-14,41.966399802,-87.688704282,192770
2018-01-14,41.96909,-87.674237,192770
2018-01-14,41.966399802,-87.688704282,192771
2018-01-14,41.96909,-87.674237,192771
2018-01-14,41.957921,-87.673567,193366
2018-01-14,41.96909,-87.674237,193366
2018-01-14,41.967094,-87.679028,193871
2018-01-14,41.956003551,-87.680161446,193871
2018-01-14,41.956003551,-87.680161446,194164
2018-01-14,41.950687,-87.6687,194164
2018-01-14,41.978353,-87.659753,194620
2018-01-14,41.977996654,-87.668047105,194620
2018-01-14,41.975614805,-87.679459039,194905
2018-01-14,41.978353,-87.659753,194905
2018-01-14,41.978353,-87.659753,195554
2018-01-14,41.977996654,-87.668047105,195554
2018-01-14,41.977996654,-87.668047105,195555
2018-01-14,41.978353,-87.659753,195555
2018-01-14,41.977996654,-87.668047105,195556
2018-01-14,41.978353,-87.659753,195556
2018-01-14,41.954383,-87.648043,195966
2018-01-14,41.949074,-87.648636,195966
2018-01-14,41.954383,-87.648043,196094
2018-01-14,41.94018,-87.65304,196094
2018-01-14,41.954383,-87.648043,196204
2018-01-14,41.945529,-87.646439,196204
2018-01-14,41.954383,-87.648043,196261
2018-01-14,41.954245,-87.654406,196261
2018-01-14,41.954383,-87.648043,196262
2018-01-14,41.954245,-87.654406,196262
2018-01-14,41.954383,-87.648043,196263
2018-01-14,41.954245,-87.654406,196263
2018-01-14,41.954383,-87.648043,196492
2018-01-14,41.94367,-87.64895,196492
2018-01-14,41.954383,-87.648043,196493
2018-01-14,41.94367,-87.64895,196493
2018-01-14,41.954383,-87.648043,196646
2018-01-14,41.96167,-87.65464,196646
2018-01-14,41.958494,-87.654966,196697
2018-01-14,41.954383,-87.648043,196697
2018-01-14,41.954383,-87.648043,196734
2018-01-14,41.950687,-87.6687,196734
2018-01-14,41.954177,-87.664358,197051
2018-01-14,41.94815,-87.66394,197051
2018-01-14,41.954177,-87.664358,197130
2018-01-14,41.925905,-87.64926,197130
2018-01-14,41.929143,-87.649077,197895
2018-01-14,41.883253195,-87.636512518,197895
2018-01-14,41.883253195,-87.636512518,199265
2018-01-14,41.895764746,-87.625908033,199265
2018-01-14,41.883253195,-87.636512518,199676
2018-01-14,41.907993,-87.631501,199676
2018-01-14,41.949074,-87.648636,199827
2018-01-14,41.940106,-87.645451,199827
2018-01-14,41.957866524,-87.649505138,200104
2018-01-14,41.940106,-87.645451,200104
2018-01-14,41.940106,-87.645451,200469
2018-01-14,41.949399,-87.654529,200469
2018-01-14,41.95078,-87.659172,200769
2018-01-14,41.952833,-87.649993,200769
2018-01-14,41.95078,-87.659172,200770
2018-01-14,41.952833,-87.649993,200770
2018-01-14,42.007971923,-87.665502394,200834
2018-01-14,41.952833,-87.649993,200834
2018-01-14,41.954383,-87.648043,200955
2018-01-14,41.952833,-87.649993,200955
2018-01-14,41.952833,-87.649993,201030
2018-01-14,41.918306,-87.636282,201030
2018-01-14,41.952833,-87.649993,201135
2018-01-14,41.96167,-87.65464,201135
2018-01-14,41.952833,-87.649993,201273
2018-01-14,41.952833,-87.649993,201273
2018-01-14,41.989742511,-87.660140621,201526
2018-01-14,41.973815,-87.65966,201526
2018-01-14,41.857556,-87.661535,201739
2018-01-14,41.889187,-87.627754,201739
2018-01-14,41.857556,-87.661535,201740
2018-01-14,41.889187,-87.627754,201740
2018-01-14,41.949074,-87.648636,203917
2018-01-14,41.949472741,-87.646452785,203917
2018-01-14,41.949472741,-87.646452785,203939
2018-01-14,41.940106,-87.645451,203939
2018-01-14,41.957866524,-87.649505138,204008
2018-01-14,41.949472741,-87.646452785,204008
2018-01-14,41.949472741,-87.646452785,204086
2018-01-14,41.954245,-87.654406,204086
2018-01-14,41.949472741,-87.646452785,204087
2018-01-14,41.954245,-87.654406,204087
2018-01-14,41.949472741,-87.646452785,204229
2018-01-14,41.954383,-87.648043,204229
2018-01-14,41.949472741,-87.646452785,204230
2018-01-14,41.954383,-87.648043,204230
2018-01-14,41.949472741,-87.646452785,204358
2018-01-14,41.94334,-87.67097,204358
2018-01-14,41.949472741,-87.646452785,204389
2018-01-14,41.945243568,-87.706649901,204389
2018-01-14,41.949472741,-87.646452785,204605
2018-01-14,41.936496822,-87.647538658,204605
2018-01-14,41.949472741,-87.646452785,204606
2018-01-14,41.936496822,-87.647538658,204606
2018-01-14,41.957866524,-87.649505138,205003
2018-01-14,41.96167,-87.65464,205003
2018-01-14,41.96167,-87.65464,205186
2018-01-14,41.954383,-87.648043,205186
2018-01-14,41.96325,-87.679258,205469
2018-01-14,41.96167,-87.65464,205469
2018-01-14,41.983593,-87.669154,205677
2018-01-14,41.989742511,-87.660140621,205677
2018-01-14,41.984036696,-87.652310469,206308
2018-01-14,41.963982,-87.638181,206308
2018-01-14,41.949074,-87.648636,206399
2018-01-14,41.94018,-87.65304,206399
2018-01-14,41.949074,-87.648636,206434
2018-01-14,41.949472741,-87.646452785,206434
2018-01-14,41.949074,-87.648636,206461
2018-01-14,41.957866524,-87.649505138,206461
2018-01-14,41.949074,-87.648636,206593
2018-01-14,41.954383,-87.648043,206593
2018-01-14,41.949074,-87.648636,206877
2018-01-14,41.961588,-87.666036,206877
2018-01-14,41.968987,-87.696027,207361
2018-01-14,41.949399,-87.654529,207361
2018-01-14,41.961004,-87.649603,207782
2018-01-14,41.961004,-87.649603,207782
2018-01-14,41.94018,-87.65304,208125
2018-01-14,41.929546,-87.643118,208125
2018-01-14,41.929546,-87.643118,208469
2018-01-14,41.937582316,-87.644097805,208469
2018-01-14,41.929546,-87.643118,208847
2018-01-14,41.897448,-87.628722,208847
2018-01-14,41.929546,-87.643118,209252
2018-01-14,41.93132,-87.638742,209252
2018-01-14,41.952833,-87.649993,209322
2018-01-14,41.929546,-87.643118,209322
2018-01-14,41.929546,-87.643118,209325
2018-01-14,41.926277,-87.630834,209325
2018-01-14,41.918306,-87.636282,210833
2018-01-14,41.891847372,-87.620580196,210833
2018-01-14,41.89766,-87.62351,211068
2018-01-14,41.891847372,-87.620580196,211068
2018-01-14,41.891847372,-87.620580196,211446
2018-01-14,41.890762,-87.631697,211446
2018-01-14,41.891847372,-87.620580196,211447
2018-01-14,41.890762,-87.631697,211447
2018-01-14,41.891847372,-87.620580196,211894
2018-01-14,41.856268,-87.613348,211894
2018-01-14,41.899368439,-87.648479875,212191
2018-01-14,41.891847372,-87.620580196,212191
2018-01-14,41.913688,-87.652855,212297
2018-01-14,41.963982,-87.638181,212297
2018-01-14,41.963982,-87.638181,212344
2018-01-14,41.961588,-87.666036,212344
2018-01-14,41.963982,-87.638181,212455
2018-01-14,41.963982,-87.638181,212455
2018-01-14,41.94018,-87.65304,212558
2018-01-14,41.96590014,-87.693638494,212558
2018-01-14,41.94334,-87.67097,212591
2018-01-14,41.96590014,-87.693638494,212591
2018-01-14,41.943034,-87.687288,212633
2018-01-14,41.96590014,-87.693638494,212633
2018-01-14,41.949074,-87.648636,212935
2018-01-14,41.94367,-87.64895,212935
2018-01-14,41.94367,-87.64895,212979
2018-01-14,41.95078,-87.659172,212979
2018-01-14,41.954383,-87.648043,213337
2018-01-14,41.94367,-87.64895,213337
2018-01-14,41.94367,-87.64895,213338
2018-01-14,41.954383,-87.648043,213338
2018-01-14,41.94367,-87.64895,213339
2018-01-14,41.954383,-87.648043,213339
2018-01-14,41.94367,-87.64895,213886
2018-01-14,41.936266,-87.652662,213886
2018-01-14,41.957081,-87.664199,214005
2018-01-14,41.95078,-87.659172,214005
2018-01-14,41.957081,-87.664199,214214
2018-01-14,41.973815,-87.65966,214214
2018-01-14,42.050491,-87.677821,214316
2018-01-14,42.048214,-87.683485,214316
2018-01-14,42.050491,-87.677821,214317
2018-01-14,42.048214,-87.683485,214317
2018-01-14,41.968812,-87.657659,214625
2018-01-14,41.96167,-87.65464,214625
2018-01-14,41.968812,-87.657659,214692
2018-01-14,41.95469,-87.67393,214692
2018-01-14,41.967094,-87.679028,215079
2018-01-14,41.961507,-87.671387,215079
2018-01-14,41.949074,-87.648636,215252
2018-01-14,41.957866524,-87.649505138,215252
2018-01-14,41.957866524,-87.649505138,215440
2018-01-14,41.954245,-87.654406,215440
2018-01-14,41.96167,-87.65464,215850
2018-01-14,41.957866524,-87.649505138,215850
2018-01-14,41.958494,-87.654966,215956
2018-01-14,41.957866524,-87.649505138,215956
2018-01-14,42.039742,-87.699413,216090
2018-01-14,41.975632725,-87.701419439,216090
2018-01-14,41.990860448,-87.66972363,216180
2018-01-14,41.977996654,-87.668047105,216180
2018-01-14,41.990860448,-87.66972363,216298
2018-01-14,42.009074,-87.67419,216298
2018-01-14,41.886349063,-87.617516547,217743
2018-01-14,41.892278,-87.612043,217743
2018-01-14,41.892278,-87.612043,218053
2018-01-14,41.892278,-87.612043,218053
2018-01-14,41.892278,-87.612043,218054
2018-01-14,41.892278,-87.612043,218054
2018-01-14,41.892278,-87.612043,218055
2018-01-14,41.892278,-87.612043,218055
2018-01-14,41.892278,-87.612043,218056
2018-01-14,41.892278,-87.612043,218056
2018-01-14,41.892278,-87.612043,218057
2018-01-14,41.892278,-87.612043,218057
2018-01-14,41.892278,-87.612043,218058
2018-01-14,41.892278,-87.612043,218058
2018-01-14,41.892278,-87.612043,219567
2018-01-14,41.886976,-87.612813,219567
2018-01-14,41.994779688,-87.660284535,219723
2018-01-14,42.004450629,-87.672402405,219723
2018-01-14,41.864059,-87.623727,220539
2018-01-14,41.870769,-87.625734,220539
2018-01-14,41.864059,-87.623727,220684
2018-01-14,41.882091,-87.639833,220684
2018-01-14,41.878166,-87.631929,221501
2018-01-14,41.857813,-87.62455,221501
2018-01-14,41.878166,-87.631929,222655
2018-01-14,41.912133,-87.634656,222655
2018-01-14,41.878166,-87.631929,222667
2018-01-14,41.885637,-87.641823,222667
2018-01-14,41.884678982,-87.627975047,224796
2018-01-14,41.881892,-87.648789,224796
2018-01-14,41.881892,-87.648789,224980
2018-01-14,41.880419,-87.655519,224980
2018-01-14,41.880419,-87.655519,224981
2018-01-14,41.881892,-87.648789,224981
2018-01-14,41.877641596,-87.649617791,225027
2018-01-14,41.881892,-87.648789,225027
2018-01-14,41.881892,-87.648789,225231
2018-01-14,41.885637,-87.641823,225231
2018-01-14,41.881892,-87.648789,225322
2018-01-14,41.889176833,-87.638505772,225322
2018-01-14,41.87184,-87.64664,225866
2018-01-14,41.881892,-87.648789,225866
2018-01-14,41.882091,-87.639833,227771
2018-01-14,41.885837,-87.6355,227771
2018-01-14,41.882091,-87.639833,230107
2018-01-14,41.885483308,-87.652304856,230107
2018-01-14,41.882091,-87.639833,231584
2018-01-14,41.864059,-87.623727,231584
2018-01-14,41.883984065,-87.624683976,235347
2018-01-14,41.894503,-87.617854,235347
2018-01-14,41.883984065,-87.624683976,236518
2018-01-14,41.88137,-87.67493,236518
2018-01-14,41.886835,-87.62232,237398
2018-01-14,41.886875,-87.62603,237398
2018-01-14,41.886835,-87.62232,237458
2018-01-14,41.890573,-87.622072,237458
2018-01-14,41.872773,-87.623981,237574
2018-01-14,41.886835,-87.62232,237574
2018-01-14,41.893992,-87.629318,237751
2018-01-14,41.894503,-87.617854,237751
2018-01-14,41.886020828,-87.630876058,237933
2018-01-14,41.894503,-87.617854,237933
2018-01-14,41.898586651,-87.621915226,238407
2018-01-14,41.894503,-87.617854,238407
2018-01-14,41.898969,-87.629912,238535
2018-01-14,41.894503,-87.617854,238535
2018-01-14,41.89766,-87.62351,238642
2018-01-14,41.894503,-87.617854,238642
2018-01-14,41.881892,-87.648789,239699
2018-01-14,41.925858,-87.638973,239699
2018-01-14,41.915689,-87.6346,240252
2018-01-14,41.925858,-87.638973,240252
2018-01-14,41.931248,-87.644336,240309
2018-01-14,41.925858,-87.638973,240309
2018-01-14,41.903222,-87.634324,240558
2018-01-14,41.893808056,-87.641697228,240558
2018-01-14,41.894345137,-87.622798383,240997
2018-01-14,41.893808056,-87.641697228,240997
2018-01-14,41.902973,-87.63128,241069
2018-01-14,41.893808056,-87.641697228,241069
2018-01-14,41.889176833,-87.638505772,241643
2018-01-14,41.893808056,-87.641697228,241643
2018-01-14,41.891466,-87.626761,241934
2018-01-14,41.893808056,-87.641697228,241934
2018-01-14,41.890762,-87.631697,242138
2018-01-14,41.893808056,-87.641697228,242138
2018-01-14,41.90348607,-87.643353494,242185
2018-01-14,41.893808056,-87.641697228,242185
2018-01-14,41.899368439,-87.648479875,242717
2018-01-14,41.893808056,-87.641697228,242717
2018-01-14,41.893992,-87.629318,242797
2018-01-14,41.898586651,-87.621915226,242797
2018-01-14,41.902973,-87.63128,242977
2018-01-14,41.898586651,-87.621915226,242977
2018-01-14,41.902973,-87.63128,242978
2018-01-14,41.898586651,-87.621915226,242978
2018-01-14,41.889176833,-87.638505772,243374
2018-01-14,41.898586651,-87.621915226,243374
2018-01-14,41.891466,-87.626761,243395
2018-01-14,41.898586651,-87.621915226,243395
2018-01-14,41.894503,-87.617854,243535
2018-01-14,41.898586651,-87.621915226,243535
2018-01-14,41.88283,-87.661206,243701
2018-01-14,41.898586651,-87.621915226,243701
2018-01-14,41.903222,-87.634324,243955
2018-01-14,41.886875,-87.62603,243955
2018-01-14,41.867491,-87.63219,244013
2018-01-14,41.886875,-87.62603,244013
2018-01-14,41.888716036,-87.644447853,244475
2018-01-14,41.886875,-87.62603,244475
2018-01-14,41.897448,-87.628722,244605
2018-01-14,41.886875,-87.62603,244605
2018-01-14,41.890573,-87.622072,245155
2018-01-14,41.886875,-87.62603,245155
2018-01-14,41.893808056,-87.641697228,245352
2018-01-14,41.8810317,-87.62408432,245352
2018-01-14,41.882242,-87.641066,245574
2018-01-14,41.8810317,-87.62408432,245574
2018-01-14,41.867227,-87.625961,245631
2018-01-14,41.8810317,-87.62408432,245631
2018-01-14,41.867888,-87.623041,246478
2018-01-14,41.8810317,-87.62408432,246478
2018-01-14,41.903222,-87.634324,248197
2018-01-14,41.89766,-87.62351,248197
2018-01-14,41.903222,-87.634324,248281
2018-01-14,41.891466,-87.626761,248281
2018-01-14,41.91021,-87.6435,248809
2018-01-14,41.896746973,-87.635667622,248809
2018-01-14,41.874255,-87.639573,249316
2018-01-14,41.877245,-87.639366,249316
2018-01-14,41.882134,-87.625125,250121
2018-01-14,41.881319815,-87.629520919,250121
2018-01-14,41.882134,-87.625125,250183
2018-01-14,41.886835,-87.62232,250183
2018-01-14,41.898586651,-87.621915226,251591
2018-01-14,41.907993,-87.631501,251591
2018-01-14,41.898586651,-87.621915226,251592
2018-01-14,41.907993,-87.631501,251592
2018-01-14,41.912133,-87.634656,251645
2018-01-14,41.907993,-87.631501,251645
2018-01-14,41.89766,-87.62351,251689
2018-01-14,41.907993,-87.631501,251689
2018-01-14,41.895764746,-87.625908033,251940
2018-01-14,41.907993,-87.631501,251940
2018-01-14,41.895966,-87.667747,252086
2018-01-14,41.907993,-87.631501,252086
2018-01-14,41.882664,-87.63253,252189
2018-01-14,41.897448,-87.628722,252189
2018-01-14,41.902308701,-87.627690528,252270
2018-01-14,41.897448,-87.628722,252270
2018-01-14,41.885837,-87.6355,253603
2018-01-14,41.894666,-87.638437,253603
2018-01-14,41.874255,-87.639573,255220
2018-01-14,41.870257,-87.639474,255220
2018-01-14,41.880419,-87.655519,255285
2018-01-14,41.870257,-87.639474,255285
2018-01-14,41.881319815,-87.629520919,255572
2018-01-14,41.870257,-87.639474,255572
2018-01-14,41.877707956,-87.635321141,255621
2018-01-14,41.870257,-87.639474,255621
2018-01-14,41.8492,-87.67564,255707
2018-01-14,41.870257,-87.639474,255707
2018-01-14,41.85795,-87.640826,255759
2018-01-14,41.870257,-87.639474,255759
2018-01-14,41.880317,-87.635185,257282
2018-01-14,41.879472352,-87.625688606,257282
2018-01-14,41.867227,-87.625961,257674
2018-01-14,41.860384,-87.625813,257674
2018-01-14,41.867227,-87.625961,257675
2018-01-14,41.860384,-87.625813,257675
2018-01-14,41.860384,-87.625813,258438
2018-01-14,41.864059,-87.623727,258438
2018-01-14,41.858166,-87.656495,258686
2018-01-14,41.847203,-87.646795,258686
2018-01-14,41.902973,-87.63128,259542
2018-01-14,41.891466,-87.626761,259542
2018-01-14,41.891847372,-87.620580196,259622
2018-01-14,41.891466,-87.626761,259622
2018-01-14,41.891466,-87.626761,259845
2018-01-14,41.90068,-87.6626,259845
2018-01-14,41.891466,-87.626761,259869
2018-01-14,41.898586651,-87.621915226,259869
2018-01-14,41.891466,-87.626761,259925
2018-01-14,41.898969,-87.629912,259925
2018-01-14,41.891466,-87.626761,259926
2018-01-14,41.898969,-87.629912,259926
2018-01-14,41.891466,-87.626761,260006
2018-01-14,41.888716036,-87.644447853,260006
2018-01-14,41.889176833,-87.638505772,260058
2018-01-14,41.891466,-87.626761,260058
2018-01-14,41.897448,-87.628722,260223
2018-01-14,41.891466,-87.626761,260223
2018-01-14,41.891466,-87.626761,260313
2018-01-14,41.883253195,-87.636512518,260313
2018-01-14,41.886835,-87.62232,260486
2018-01-14,41.891466,-87.626761,260486
2018-01-14,41.891466,-87.626761,260653
2018-01-14,41.886875,-87.62603,260653
2018-01-14,41.878118901,-87.643947601,260696
2018-01-14,41.891466,-87.626761,260696
2018-01-14,41.881892,-87.648789,262100
2018-01-14,41.867888,-87.623041,262100
2018-01-14,41.867888,-87.623041,262347
2018-01-14,41.884728,-87.619521,262347
2018-01-14,41.87785,-87.62408,262975
2018-01-14,41.867888,-87.623041,262975
2018-01-14,41.867888,-87.623041,263454
2018-01-14,41.884241,-87.629634,263454
2018-01-14,41.867888,-87.623041,263607
2018-01-14,41.866095,-87.607267,263607
2018-01-14,41.867888,-87.623041,263679
2018-01-14,41.876535194,-87.620472908,263679
2018-01-14,41.88461619,-87.644570585,264177
2018-01-14,41.888716036,-87.644447853,264177
2018-01-14,41.884241,-87.629634,264756
2018-01-14,41.88461619,-87.644570585,264756
2018-01-14,41.894722,-87.634362,265711
2018-01-14,41.894722,-87.634362,265711
2018-01-14,41.884241,-87.629634,266331
2018-01-14,41.894722,-87.634362,266331
2018-01-14,41.879255,-87.639904,266652
2018-01-14,41.875885,-87.640795,266652
2018-01-14,41.875885,-87.640795,267287
2018-01-14,41.879446947,-87.642681599,267287
2018-01-14,41.911386,-87.638677,267498
2018-01-14,41.906724,-87.63483,267498
2018-01-14,41.891578,-87.648384,267657
2018-01-14,41.906724,-87.63483,267657
2018-01-14,41.912133,-87.634656,267966
2018-01-14,41.906724,-87.63483,267966
2018-01-14,41.912133,-87.634656,267967
2018-01-14,41.906724,-87.63483,267967
2018-01-14,41.895764746,-87.625908033,268317
2018-01-14,41.906724,-87.63483,268317
2018-01-14,41.886875,-87.62603,268355
2018-01-14,41.906724,-87.63483,268355
2018-01-14,41.91468,-87.64332,269012
2018-01-14,41.906724,-87.63483,269012
2018-01-14,41.929143,-87.649077,269138
2018-01-14,41.94018,-87.65304,269138
2018-01-14,41.918306,-87.636282,269422
2018-01-14,41.929143,-87.649077,269422
2018-01-14,41.929143,-87.649077,269462
2018-01-14,41.92533,-87.6658,269462
2018-01-14,41.929143,-87.649077,269949
2018-01-14,41.936266,-87.652662,269949
2018-01-14,41.895764746,-87.625908033,270892
2018-01-14,41.894503,-87.617854,270892
2018-01-14,41.895764746,-87.625908033,270934
2018-01-14,41.886835,-87.62232,270934
2018-01-14,41.895764746,-87.625908033,271191
2018-01-14,41.890573,-87.622072,271191
2018-01-14,41.856268,-87.613348,271437
2018-01-14,41.891847372,-87.620580196,271437
2018-01-14,41.856268,-87.613348,271799
2018-01-14,41.79172821,-87.583945009,271799
2018-01-14,41.89766,-87.62351,272131
2018-01-14,41.892278,-87.612043,272131
2018-01-14,41.89766,-87.62351,272442
2018-01-14,41.894503,-87.617854,272442
2018-01-14,41.907993,-87.631501,272686
2018-01-14,41.89766,-87.62351,272686
2018-01-14,41.907993,-87.631501,272687
2018-01-14,41.89766,-87.62351,272687
2018-01-14,41.913865,-87.648755,275244
2018-01-14,41.913688,-87.652855,275244
2018-01-14,41.913865,-87.648755,275302
2018-01-14,41.912133,-87.634656,275302
2018-01-14,41.913865,-87.648755,275519
2018-01-14,41.931248,-87.644336,275519
2018-01-14,41.864883,-87.647071,275930
2018-01-14,41.879344373,-87.631985221,275930
2018-01-14,41.872773,-87.623981,276494
2018-01-14,41.879344373,-87.631985221,276494
2018-01-14,41.867225957,-87.61535539,277424
2018-01-14,41.877181,-87.627844,277424
2018-01-14,41.838198,-87.645143,277754
2018-01-14,41.880419,-87.655519,277754
2018-01-14,41.936266,-87.652662,277980
2018-01-14,41.94018,-87.65304,277980
2018-01-14,41.936266,-87.652662,278032
2018-01-14,41.92154,-87.653818,278032
2018-01-14,41.936266,-87.652662,278128
2018-01-14,41.935733,-87.663576,278128
2018-01-14,41.929143,-87.649077,278460
2018-01-14,41.936266,-87.652662,278460
2018-01-14,41.860384,-87.625813,279149
2018-01-14,41.857611,-87.619407,279149
2018-01-14,41.857611,-87.619407,279259
2018-01-14,41.867227,-87.625961,279259
2018-01-14,41.885483308,-87.652304856,280501
2018-01-14,41.890573,-87.622072,280501
2018-01-14,41.890573,-87.622072,280609
2018-01-14,41.886835,-87.62232,280609
2018-01-14,41.886875,-87.62603,280789
2018-01-14,41.890573,-87.622072,280789
2018-01-14,41.870257,-87.639474,281113
2018-01-14,41.85795,-87.640826,281113
2018-01-14,41.867225957,-87.61535539,281303
2018-01-14,41.886976,-87.612813,281303
2018-01-14,41.893992,-87.629318,281706
2018-01-14,41.911974,-87.631942,281706
2018-01-14,41.898969,-87.629912,281952
2018-01-14,41.911974,-87.631942,281952
2018-01-14,41.915689,-87.6346,282165
2018-01-14,41.911974,-87.631942,282165
2018-01-14,41.915689,-87.6346,282166
2018-01-14,41.911974,-87.631942,282166
2018-01-14,41.915689,-87.6346,282167
2018-01-14,41.911974,-87.631942,282167
2018-01-14,41.87772613,-87.65478743,283938
2018-01-14,41.879255,-87.639904,283938
2018-01-14,41.87772613,-87.65478743,284617
2018-01-14,41.87772613,-87.65478743,284617
2018-01-14,41.87772613,-87.65478743,284885
2018-01-14,41.872187,-87.661501,284885
2018-01-14,41.902308701,-87.627690528,284989
2018-01-14,41.89993001,-87.63443007,284989
2018-01-14,41.889176833,-87.638505772,285254
2018-01-14,41.89993001,-87.63443007,285254
2018-01-14,41.854184249,-87.619153741,285604
2018-01-14,41.867888,-87.623041,285604
2018-01-14,41.854184249,-87.619153741,285605
2018-01-14,41.867888,-87.623041,285605
2018-01-14,41.88338,-87.64117,286725
2018-01-14,41.867491,-87.63219,286725
2018-01-14,41.867225957,-87.61535539,286893
2018-01-14,41.866095,-87.607267,286893
2018-01-14,41.867225957,-87.61535539,286894
2018-01-14,41.866095,-87.607267,286894
2018-01-14,41.838556,-87.608218,287561
2018-01-14,41.866095,-87.607267,287561
2018-01-14,41.838556,-87.608218,287562
2018-01-14,41.866095,-87.607267,287562
2018-01-14,41.866095,-87.607267,287563
2018-01-14,41.838556,-87.608218,287563
2018-01-14,41.872187,-87.661501,288525
2018-01-14,41.872187,-87.661501,288525
2018-01-14,41.954383,-87.648043,289005
2018-01-14,41.945529,-87.646439,289005
2018-01-14,41.954383,-87.648043,289006
2018-01-14,41.945529,-87.646439,289006
2018-01-14,41.92556258,-87.65840426,289069
2018-01-14,41.945529,-87.646439,289069
2018-01-14,41.945529,-87.646439,289487
2018-01-14,41.936496822,-87.647538658,289487
2018-01-14,41.947326,-87.717582,289573
2018-01-14,41.945243568,-87.706649901,289573
2018-01-14,41.851375173,-87.618834649,290001
2018-01-14,41.842052,-87.617,290001
2018-01-14,41.851375173,-87.618834649,290002
2018-01-14,41.842052,-87.617,290002
2018-01-14,41.886349063,-87.617516547,290232
2018-01-14,41.867225957,-87.61535539,290232
2018-01-14,41.886349063,-87.617516547,290252
2018-01-14,41.886349063,-87.617516547,290252
2018-01-14,41.886349063,-87.617516547,290816
2018-01-14,41.884241,-87.629634,290816
2018-01-14,41.886349063,-87.617516547,290907
2018-01-14,41.851375173,-87.618834649,290907
2018-01-14,41.872187,-87.661501,291295
2018-01-14,41.857556,-87.661535,291295
2018-01-14,41.872187,-87.661501,291296
2018-01-14,41.857556,-87.661535,291296
2018-01-14,41.867227,-87.625961,291646
2018-01-14,41.858086,-87.651073,291646
2018-01-14,41.871737,-87.65103,291677
2018-01-14,41.858086,-87.651073,291677
2018-01-14,41.871262,-87.673688,291788
2018-01-14,41.858086,-87.651073,291788
2018-01-14,41.8492,-87.67564,292726
2018-01-14,41.867117783,-87.641087959,292726
2018-01-14,41.867117783,-87.641087959,293137
2018-01-14,41.857901,-87.668745,293137
2018-01-14,41.867117783,-87.641087959,293138
2018-01-14,41.857901,-87.668745,293138
2018-01-14,41.857556,-87.661535,293559
2018-01-14,41.8378,-87.65114,293559
2018-01-14,41.87184,-87.64664,294801
2018-01-14,41.874754,-87.649807,294801
2018-01-14,41.877945,-87.662007,295269
2018-01-14,41.877641596,-87.649617791,295269
2018-01-14,41.867227,-87.625961,295870
2018-01-14,41.857813,-87.62455,295870
2018-01-14,41.857813,-87.62455,296218
2018-01-14,41.857611,-87.619407,296218
2018-01-14,41.857813,-87.62455,296414
2018-01-14,41.87785,-87.62408,296414
2018-01-14,41.8349,-87.61793,297068
2018-01-14,41.834734,-87.625813,297068
2018-01-14,41.834734,-87.625813,297069
2018-01-14,41.8349,-87.61793,297069
2018-01-14,41.834734,-87.625813,297070
2018-01-14,41.8349,-87.61793,297070
2018-01-14,41.872773,-87.623981,297533
2018-01-14,41.884728,-87.619521,297533
2018-01-14,41.950687,-87.6687,298024
2018-01-14,41.94815,-87.66394,298024
2018-01-14,41.950687,-87.6687,298237
2018-01-14,41.949399,-87.654529,298237
2018-01-14,41.950687,-87.6687,298378
2018-01-14,41.946176,-87.673308,298378
2018-01-14,41.950687,-87.6687,298379
2018-01-14,41.946176,-87.673308,298379
2018-01-14,41.946176,-87.673308,298636
2018-01-14,41.946635831,-87.694614758,298636
2018-01-14,41.931901969,-87.70119513,298659
2018-01-14,41.946635831,-87.694614758,298659
2018-01-14,41.946635831,-87.694614758,298677
2018-01-14,41.950687,-87.6687,298677
2018-01-14,41.94367,-87.64895,298915
2018-01-14,42.007971923,-87.665502394,298915
2018-01-14,41.957921,-87.673567,299522
2018-01-14,41.936083,-87.669807,299522
2018-01-14,41.946655,-87.683359,299563
2018-01-14,41.957081,-87.664199,299563
2018-01-14,41.946655,-87.683359,299616
2018-01-14,41.947326,-87.717582,299616
2018-01-14,41.940106,-87.645451,299670
2018-01-14,41.961588,-87.666036,299670
2018-01-14,41.961588,-87.666036,299674
2018-01-14,41.95078,-87.659172,299674
2018-01-14,41.961588,-87.666036,299686
2018-01-14,41.94018,-87.65304,299686
2018-01-14,41.963982,-87.638181,299959
2018-01-14,41.961588,-87.666036,299959
2018-01-14,41.975632725,-87.701419439,300124
2018-01-14,41.953393,-87.732002,300124
2018-01-14,41.918084,-87.643749,300659
2018-01-14,41.915689,-87.6346,300659
2018-01-14,41.94334,-87.67097,300866
2018-01-14,41.948797,-87.675278,300866
2018-01-14,41.94334,-87.67097,300867
2018-01-14,41.948797,-87.675278,300867
2018-01-14,41.94334,-87.67097,300969
2018-01-14,41.961507,-87.671387,300969
2018-01-14,41.94334,-87.67097,301126
2018-01-14,41.929465,-87.684158,301126
2018-01-14,41.94334,-87.67097,301301
2018-01-14,41.943034,-87.687288,301301
2018-01-14,41.936266,-87.652662,301578
2018-01-14,41.94334,-87.67097,301578
2018-01-14,41.954468,-87.749594,301759
2018-01-14,41.961154076,-87.716569073,301759
2018-01-14,41.929143,-87.649077,301997
2018-01-14,41.925905,-87.64926,301997
2018-01-14,41.925905,-87.64926,302024
2018-01-14,41.92556258,-87.65840426,302024
2018-01-14,41.925905,-87.64926,302101
2018-01-14,41.928887,-87.658971,302101
2018-01-14,41.925905,-87.64926,302337
2018-01-14,41.890762,-87.631697,302337
2018-01-14,41.925905,-87.64926,302673
2018-01-14,41.894556,-87.653449,302673
2018-01-14,41.946635831,-87.694614758,303084
2018-01-14,41.931901969,-87.70119513,303084
2018-01-14,41.929143,-87.649077,303554
2018-01-14,41.92533,-87.6658,303554
2018-01-14,41.92533,-87.6658,303959
2018-01-14,41.928773,-87.663913,303959
2018-01-14,41.92533,-87.6658,304014
2018-01-14,41.932225,-87.658617,304014
2018-01-14,41.92533,-87.6658,304015
2018-01-14,41.932225,-87.658617,304015
2018-01-14,41.93588,-87.67842,304057
2018-01-14,41.92533,-87.6658,304057
2018-01-14,41.929567,-87.707857,304070
2018-01-14,41.935337283,-87.716889294,304070
2018-01-14,41.936083,-87.669807,304401
2018-01-14,41.939365,-87.668385,304401
2018-01-14,41.936083,-87.669807,304511
2018-01-14,41.936496822,-87.647538658,304511
2018-01-14,41.96590014,-87.693638494,304621
2018-01-14,41.981224863,-87.708972394,304621
2018-01-14,41.930585371,-87.723777364,305006
2018-01-14,41.920082,-87.677855,305006
2018-01-14,41.866095,-87.607267,305520
2018-01-14,41.865312,-87.617867,305520
2018-01-14,41.866095,-87.607267,305521
2018-01-14,41.865312,-87.617867,305521
2018-01-14,41.866095,-87.607267,305522
2018-01-14,41.865312,-87.617867,305522
2018-01-14,41.876535194,-87.620472908,305708
2018-01-14,41.867888,-87.623041,305708
2018-01-14,42.048308,-87.698224,305918
2018-01-14,41.975632725,-87.701419439,305918
2018-01-14,41.966686362,-87.708051981,305931
2018-01-14,41.975632725,-87.701419439,305931
2018-01-14,42.032562,-87.679101,306157
2018-01-14,41.983664709,-87.696422561,306157
2018-01-14,42.019537,-87.669563,306867
2018-01-14,42.019159,-87.673573,306867
2018-01-14,41.954340852,-87.686079624,307329
2018-01-14,41.96590014,-87.693638494,307329
2018-01-14,41.947326,-87.717582,307786
2018-01-14,41.954004839,-87.71912818,307786
2018-01-14,41.799568,-87.594747,307915
2018-01-14,41.788746,-87.601334,307915
2018-01-14,41.788746,-87.601334,307988
2018-01-14,41.785097146,-87.601072761,307988
2018-01-14,41.802562,-87.590368,308160
2018-01-14,41.788746,-87.601334,308160
2018-01-14,41.994779688,-87.660284535,308649
2018-01-14,42.008594397,-87.690492239,308649
2018-01-14,42.019159,-87.673573,308787
2018-01-14,42.019537,-87.669563,308787
2018-01-14,42.007971923,-87.665502394,308877
2018-01-14,42.012701,-87.666058,308877
2018-01-14,42.058239,-87.677432,308969
2018-01-14,42.052939,-87.673447,308969
2018-01-14,42.048214,-87.683485,309089
2018-01-14,42.052939,-87.673447,309089
2018-01-14,42.050491,-87.677821,309337
2018-01-14,42.052939,-87.673447,309337
2018-01-14,42.058239,-87.677432,309521
2018-01-14,42.058239,-87.677432,309521
2018-01-14,42.052939,-87.673447,309710
2018-01-14,42.058239,-87.677432,309710
2018-01-14,42.050491,-87.677821,309783
2018-01-14,42.058239,-87.677432,309783
2018-01-14,42.020887281,-87.665057927,309958
2018-01-14,42.010586563,-87.662412095,309958
2018-01-14,42.009074,-87.67419,310002
2018-01-14,42.010586563,-87.662412095,310002
2018-01-14,42.032562,-87.679101,310334
2018-01-14,42.019159,-87.673573,310334
2018-01-14,42.032562,-87.679101,310335
2018-01-14,42.019159,-87.673573,310335
2018-01-14,42.025784,-87.684107,310758
2018-01-14,42.050491,-87.677821,310758
2018-01-14,42.025784,-87.684107,310759
2018-01-14,42.050491,-87.677821,310759
2018-01-14,42.048308,-87.698224,310993
2018-01-14,42.048214,-87.683485,310993
2018-01-14,42.048214,-87.683485,311310
2018-01-14,42.025784,-87.684107,311310
2018-01-14,42.012701,-87.666058,311428
2018-01-14,42.048214,-87.683485,311428
2018-01-14,41.841707,-87.626938,311542
2018-01-14,41.834734,-87.625813,311542
2018-01-14,41.842733,-87.635491,311554
2018-01-14,41.834734,-87.625813,311554
2018-01-14,41.8349,-87.61793,311633
2018-01-14,41.834734,-87.625813,311633
2018-01-14,41.8349,-87.61793,311634
2018-01-14,41.834734,-87.625813,311634
2018-01-14,41.8349,-87.61793,311635
2018-01-14,41.834734,-87.625813,311635
2018-01-14,41.8349,-87.61793,311636
2018-01-14,41.834734,-87.625813,311636
2018-01-14,41.836208,-87.613533,311888
2018-01-14,41.834734,-87.625813,311888
2018-01-14,41.834734,-87.625813,311917
2018-01-14,41.831379,-87.618034,311917
2018-01-14,41.834734,-87.625813,312032
2018-01-14,41.842052,-87.617,312032
2018-01-14,41.838198,-87.645143,313395
2018-01-14,41.830629,-87.64129,313395
2018-01-14,41.838198,-87.645143,313396
2018-01-14,41.830629,-87.64129,313396
2018-01-14,41.834734,-87.625813,313491
2018-01-14,41.830696113,-87.655975912,313491
2018-01-14,41.830777,-87.632504,313602
2018-01-14,41.830629,-87.64129,313602
2018-01-14,41.827059,-87.64572,313685
2018-01-14,41.823465,-87.665577,313685
2018-01-14,41.791478,-87.599861,314131
2018-01-14,41.785097146,-87.601072761,314131
2018-01-14,41.785097146,-87.601072761,314132
2018-01-14,41.791478,-87.599861,314132
2018-01-14,41.785097146,-87.601072761,314133
2018-01-14,41.791478,-87.599861,314133
2018-01-14,41.802562,-87.590368,314515
2018-01-14,41.791478,-87.599861,314515
2018-01-14,41.802562,-87.590368,314516
2018-01-14,41.791478,-87.599861,314516
2018-01-14,41.799494294,-87.586449896,315187
2018-01-14,41.791478,-87.599861,315187
2018-01-14,41.79172821,-87.583945009,315303
2018-01-14,41.791478,-87.599861,315303
2018-01-14,41.79172821,-87.583945009,315304
2018-01-14,41.791478,-87.599861,315304
2018-01-14,41.84358,-87.645368,315457
2018-01-14,41.834529886,-87.631822981,315457
2018-01-14,41.838198,-87.645143,315458
2018-01-14,41.834529886,-87.631822981,315458
2018-01-14,41.946264,-87.731023,315826
2018-01-14,41.946264,-87.731023,315826
2018-01-14,41.946264,-87.731023,315827
2018-01-14,41.946264,-87.731023,315827
2018-01-14,41.844040031,-87.695295923,316326
2018-01-14,41.844040031,-87.695295923,316326
2018-01-14,41.874748851,-87.686445276,316407
2018-01-14,41.915983,-87.677335,316407
2018-01-14,41.791478,-87.599861,316465
2018-01-14,41.799336263,-87.600958115,316465
2018-01-14,41.799336263,-87.600958115,316649
2018-01-14,41.799568,-87.594747,316649
2018-01-14,41.799494294,-87.586449896,317838
2018-01-14,41.791478,-87.599861,317838
2018-01-14,41.799494294,-87.586449896,317839
2018-01-14,41.791478,-87.599861,317839
2018-01-14,41.785097146,-87.601072761,317920
2018-01-14,41.799494294,-87.586449896,317920
2018-01-14,41.799494294,-87.586449896,318034
2018-01-14,41.787942813,-87.58831517,318034
2018-01-14,41.799568,-87.594747,318221
2018-01-14,41.795264,-87.596471,318221
2018-01-14,41.795264,-87.596471,318288
2018-01-14,41.81409271,-87.597005148,318288
2018-01-14,41.805772,-87.592464,318484
2018-01-14,41.795264,-87.596471,318484
2018-01-14,41.785097146,-87.601072761,318776
2018-01-14,41.794300621,-87.601449773,318776
2018-01-14,41.794300621,-87.601449773,318777
2018-01-14,41.785097146,-87.601072761,318777
2018-01-14,41.794300621,-87.601449773,319186
2018-01-14,41.794300621,-87.601449773,319186
2018-01-14,41.795264,-87.596471,319342
2018-01-14,41.794300621,-87.601449773,319342
2018-01-14,41.795264,-87.596471,319343
2018-01-14,41.794300621,-87.601449773,319343
2018-01-14,41.802406,-87.586924,319652
2018-01-14,41.799568,-87.594747,319652
2018-01-14,41.799568,-87.594747,320022
2018-01-14,41.791478,-87.599861,320022
2018-01-14,41.809855,-87.606755,320930
2018-01-14,41.795212,-87.580715,320930
2018-01-14,41.785097146,-87.601072761,321043
2018-01-14,41.791478,-87.599861,321043
2018-01-14,41.785097146,-87.601072761,321044
2018-01-14,41.791478,-87.599861,321044
2018-01-14,41.785097146,-87.601072761,321045
2018-01-14,41.791478,-87.599861,321045
2018-01-14,41.785097146,-87.601072761,321046
2018-01-14,41.791478,-87.599861,321046
2018-01-14,41.794300621,-87.601449773,321529
2018-01-14,41.785097146,-87.601072761,321529
2018-01-14,41.785097146,-87.601072761,321530
2018-01-14,41.794300621,-87.601449773,321530
2018-01-14,41.795264,-87.596471,321790
2018-01-14,41.785097146,-87.601072761,321790
2018-01-14,41.79172821,-87.583945009,321995
2018-01-14,41.865312,-87.617867,321995
2018-01-14,41.79172821,-87.583945009,321996
2018-01-14,41.865312,-87.617867,321996
2018-01-14,41.79172821,-87.583945009,321997
2018-01-14,41.865312,-87.617867,321997
2018-01-14,41.856268,-87.613348,322016
2018-01-14,41.79172821,-87.583945009,322016
2018-01-14,41.838556,-87.608218,322385
2018-01-14,41.79172821,-87.583945009,322385
2018-01-14,41.79172821,-87.583945009,322386
2018-01-14,41.838556,-87.608218,322386
2018-01-14,41.838556,-87.608218,322387
2018-01-14,41.79172821,-87.583945009,322387
2018-01-14,41.802406,-87.586924,322609
2018-01-14,41.787942813,-87.58831517,322609
2018-01-14,41.787942813,-87.58831517,322714
2018-01-14,41.799494294,-87.586449896,322714
2018-01-14,41.84358,-87.645368,323428
2018-01-14,41.853779811,-87.646602988,323428
2018-01-14,41.842052,-87.617,323995
2018-01-14,41.834734,-87.625813,323995
2018-01-14,41.842052,-87.617,324243
2018-01-14,41.836208,-87.613533,324243
2018-01-14,41.842052,-87.617,324281
2018-01-14,41.856268,-87.613348,324281
2018-01-14,41.842052,-87.617,324451
2018-01-14,41.851375173,-87.618834649,324451
2018-01-14,41.838842,-87.621857,324771
2018-01-14,41.836208,-87.613533,324771
2018-01-14,42.063598,-87.69873,325422
2018-01-14,42.064313,-87.686152,325422
2018-01-14,42.048214,-87.683485,325563
2018-01-14,42.048308,-87.698224,325563
2018-01-14,42.039742,-87.699413,325636
2018-01-14,42.048308,-87.698224,325636
2018-01-14,41.75849,-87.60641,325700
2018-01-14,41.75849,-87.60641,325700
2018-01-14,41.81409271,-87.597005148,326055
2018-01-14,41.816658893,-87.619412462,326055
